충전실온도,실링온도,쿠킹온도,쿠킹스팀압력,실링압력,Error_class
71.1258307,93.4258307,127.8782807,22.968,201.43,2
71.58746958,103.9874696,138.7361196,23.166,204.974,1
70.5409949,102.4409949,137.1351949,23.129,204.249,2
71.40118882,111.9011888,146.5857388,23.123,200.068,2
71.4284858,125.1284858,159.5910858,22.975,198.316,2
70.64933315,105.1493332,139.6801832,23.021,200.541,2
71.3108351,132.2108351,166.2825851,22.715,197.757,2
69.9266261,104.2266261,138.7197261,22.995,203.453,2
69.82173327,100.0217333,134.8143333,23.195,203.999,2
69.99307321,87.09307321,121.5533732,22.974,208.431,3
71.6229304,104.9229304,139.6204304,23.132,203.581,2
70.82675441,111.7267544,146.4954544,23.179,205.069,3
70.50554656,109.1055466,143.8909466,23.19,203.06,2
73.03167525,94.33167525,128.9951753,23.109,206.533,2
71.69153436,108.5915344,142.7903344,22.799,197.773,3
70.64499336,103.7449934,138.2918434,23.031,205.591,2
70.62957997,102.42958,137.06753,23.092,207.617,1
71.13738247,93.43738247,128.0591825,23.081,207.676,2
70.55518255,88.15518255,122.9379826,23.189,206.756,2
72.02363204,95.92363204,130.487732,23.043,201.593,2
72.31890632,90.01890632,124.3562563,22.892,200.17,2
73.14601655,74.44601655,109.1336666,23.125,204.392,3
70.56048823,97.06048823,131.6004882,23.027,201.328,2
71.79017598,112.190176,146.565026,22.917,201.538,2
72.16492652,108.4649265,142.8440265,22.919,199.042,2
71.69563491,102.5956349,137.3685349,23.182,203.335,2
71.88237853,114.5823785,149.0665785,22.989,206.936,2
70.43161083,118.9316108,153.3239108,22.928,209.025,2
69.64934486,94.04934486,128.4979949,22.966,201.361,1
71.04858164,102.9485816,137.4265816,22.985,202.415,1
71.52291686,96.82291686,131.2778169,22.97,203.556,1
71.82407167,118.2240717,152.9366217,23.142,201.493,1
72.25897733,123.3589773,157.9057273,23.031,201.46,2
69.42565768,79.22565768,113.6485577,22.949,202.922,2
69.30190557,87.60190557,122.1503556,23.032,199.155,2
68.95705355,79.45705355,113.7835536,22.884,200.338,3
69.34234038,80.44234038,115.0007404,23.039,203.72,2
70.15127392,82.55127392,117.3394739,23.192,202.788,1
70.8817866,93.1817866,127.6342366,22.968,202.038,3
70.44581667,102.3458167,137.0400167,23.129,199.723,2
72.09009522,104.4900952,139.2387452,23.166,207.131,2
71.19072236,111.6907224,146.3752724,23.123,204.263,3
69.25740509,99.45740509,134.2500051,23.195,202.131,2
69.86915136,104.1691514,138.6622514,22.995,205.595,3
71.31404945,132.2140495,166.2857995,22.715,201.186,3
71.85413955,125.5541395,160.0167395,22.975,201.632,2
70.28996156,104.7899616,139.3208116,23.021,200.757,2
70.47989942,87.57989942,122.0401994,22.974,200.324,2
72.41911929,105.7191193,140.4166193,23.132,199.97,1
71.10836663,112.0083666,146.7770666,23.179,201.656,1
70.70883747,109.3088375,144.0942375,23.19,205.246,3
72.67156337,93.97156337,128.6350634,23.109,205.824,2
71.80528992,108.7052899,142.9040899,22.799,205.523,2
71.0862301,104.1862301,138.7330801,23.031,205.392,2
70.00523943,101.8052394,136.4431894,23.092,202.978,1
71.60365902,93.90365902,128.525459,23.081,201.705,3
71.77565732,89.47565732,123.8130073,22.892,199.609,2
70.56296711,88.16296711,122.9457671,23.189,206.378,2
71.018443,94.918443,129.482543,23.043,208.084,3
73.15587359,74.45587359,109.1435236,23.125,211.358,3
71.03656577,97.53656577,132.0765658,23.027,203.409,2
72.17013819,112.5701382,146.9449882,22.917,195.475,2
71.19187812,119.6918781,154.0841781,22.928,203.679,2
71.90472902,102.804729,137.577629,23.182,207.529,2
72.32933476,108.6293348,143.0084348,22.919,204.434,2
71.40780993,114.1078099,148.5920099,22.989,205.098,2
70.73237963,102.6323796,137.1103796,22.985,195.806,2
69.75612266,94.15612266,128.6047727,22.966,205.046,2
71.69368456,96.99368456,131.4485846,22.97,203.241,3
72.77896146,123.8789615,158.4257115,23.031,200.183,2
72.46195111,118.8619511,153.5745011,23.142,206.481,2
69.49808307,79.29808307,113.7209831,22.949,199.743,1
69.28415105,87.58415105,122.1326011,23.032,203.806,2
69.58334389,80.08334389,114.4098439,22.884,202.166,2
69.91574798,81.01574798,115.574148,23.039,199.008,2
70.56808042,82.96808042,117.7562804,23.192,205.324,2
71.14737111,93.44737111,127.8998211,22.968,204.013,3
70.399724,102.299724,136.993924,23.129,203.223,2
71.82976437,104.2297644,138.9784144,23.166,199.181,2
71.58991366,112.0899137,146.7744637,23.123,199.232,3
70.29739722,104.7973972,139.3282472,23.021,201.56,3
71.1800499,124.8800499,159.3426499,22.975,203.371,3
71.64665059,132.5466506,166.6184006,22.715,200.393,2
69.31952972,99.51952972,134.3121297,23.195,199.44,2
70.6134063,104.9134063,139.4065063,22.995,198.479,2
70.72210284,109.3221028,144.1075028,23.19,202.313,3
72.4301145,105.7301145,140.4276145,23.132,203.642,1
70.78975477,111.6897548,146.4584548,23.179,203.968,1
70.64323987,87.74323987,122.2035399,22.974,200.868,1
72.55969529,93.85969529,128.5231953,23.109,203.961,2
71.97845998,108.87846,143.07726,22.799,200.262,1
70.95307395,104.053074,138.599924,23.031,203.589,1
71.48854928,93.78854928,128.4103493,23.081,200.601,3
70.54276327,102.3427633,136.9807133,23.092,201.67,2
71.67428171,89.37428171,123.7116317,22.892,197.535,2
71.21780489,95.11780489,129.6819049,23.043,200.301,1
70.01649472,87.61649472,122.3992947,23.189,203.389,2
73.13015982,74.43015982,109.1178098,23.125,201.953,3
70.2900482,96.7900482,131.3300482,23.027,196.89,3
71.95731136,112.3573114,146.7321614,22.917,197.479,1
70.57655742,119.0765574,153.4688574,22.928,203.675,2
72.88657141,109.1865714,143.5656714,22.919,203.154,2
70.96961537,113.6696154,148.1538154,22.989,197.38,1
71.62657729,102.5265773,137.2994773,23.182,206.385,2
69.72407399,94.12407399,128.572724,22.966,199.591,3
71.55932888,96.85932888,131.3142289,22.97,201.076,1
71.32092947,103.2209295,137.6989295,22.985,206.391,2
71.74689861,118.1468986,152.8594486,23.142,208.018,1
69.43369116,79.23369116,113.6565912,22.949,206.071,2
69.94525101,88.24525101,122.793701,23.032,199.851,1
72.34095114,123.4409511,157.9877011,23.031,200.035,2
69.82578742,80.92578742,115.4841874,23.039,204.606,2
69.15590613,79.65590613,113.9824061,22.884,200.733,3
69.79735647,82.19735647,116.9855565,23.192,200.593,1
71.04412602,93.34412602,127.796576,22.968,204.136,2
71.22943302,103.629433,138.378083,23.166,198.145,1
70.16565687,102.0656569,136.7598569,23.129,201.572,1
71.76652106,112.2665211,146.9510711,23.123,202.705,2
71.31408447,132.2140845,166.2858345,22.715,199.913,2
71.35065435,125.0506544,159.5132544,22.975,199.12,2
70.07940054,100.2794005,135.0720005,23.195,203.327,1
70.9042306,105.4042306,139.9350806,23.021,207.103,2
70.72817716,109.3281772,144.1135772,23.19,202.511,2
70.56938477,104.8693848,139.3624848,22.995,203.889,2
71.50983116,104.8098312,139.5073312,23.132,197.986,2
70.73997799,111.639978,146.408678,23.179,204.565,2
70.52819878,87.62819878,122.0884988,22.974,198.723,2
72.29830919,109.1983092,143.3971092,22.799,197.451,2
73.2611461,94.5611461,129.2246461,23.109,198.745,2
71.22904332,93.52904332,128.1508433,23.081,202.594,2
71.31310424,104.4131042,138.9599542,23.031,200.132,2
70.64019899,102.440199,137.078149,23.092,207.38,2
72.54189168,90.24189168,124.5792417,22.892,194.949,3
70.15259672,87.75259672,122.5353967,23.189,204.09,1
71.91662791,95.81662791,130.3807279,23.043,201.95,2
73.55062821,74.85062821,109.5382782,23.125,198.773,1
70.49727877,96.99727877,131.5372788,23.027,202.937,2
71.62256383,112.0225638,146.3974138,22.917,201.159,3
70.79978751,119.2997875,153.6920875,22.928,202.358,2
71.46071327,114.1607133,148.6449133,22.989,204.428,2
71.43124523,102.3312452,137.1041452,23.182,201.355,2
72.07156707,108.3715671,142.7506671,22.919,195.596,2
69.86779893,94.26779893,128.7164489,22.966,201.776,1
71.43233889,103.3323389,137.8103389,22.985,205.038,2
71.9773345,97.2773345,131.7322345,22.97,204.371,2
71.90362464,118.3036246,153.0161746,23.142,205.106,1
70.08394257,88.38394257,122.9323926,23.032,197.679,3
72.70473954,123.8047395,158.3514895,23.031,204.95,1
69.53859798,79.33859798,113.761498,22.949,201.886,2
68.92882935,79.42882935,113.7553294,22.884,202.477,2
70.08384866,81.18384866,115.7422487,23.039,207.66,2
69.86372415,82.26372415,117.0519242,23.192,203.531,1
71.29797548,93.59797548,128.0504255,22.968,206.91,2
71.90539263,104.3053926,139.0540426,23.166,204.159,2
70.85538805,102.7553881,137.4495881,23.129,200.486,2
72.00254843,112.5025484,147.1870984,23.123,205.307,2
71.05173056,105.5517306,140.0825806,23.021,206.142,3
72.0468626,132.9468626,167.0186126,22.715,200.889,2
69.71422117,99.91422117,134.7068212,23.195,201.959,2
71.75434804,125.454348,159.916948,22.975,203.803,1
70.2571836,108.8571836,143.6425836,23.19,209.498,3
70.62088303,104.920883,139.413983,22.995,199.346,2
70.79597039,111.6959704,146.4646704,23.179,205.704,3
70.03208624,87.13208624,121.5923862,22.974,199.13,2
71.44228543,104.7422854,139.4397854,23.132,200.877,3
73.33448651,94.63448651,129.2979865,23.109,203.675,2
71.59488229,108.4948823,142.6936823,22.799,193.34,2
71.45930822,104.5593082,139.1061582,23.031,204.634,2
70.39464115,102.1946412,136.8325912,23.092,201.993,2
71.07268386,93.37268386,127.9944839,23.081,196.36,2
70.20244121,87.80244121,122.5852412,23.189,209.707,1
71.2352888,95.1352888,129.6993888,23.043,203.613,2
72.18676318,89.88676318,124.2241132,22.892,199.263,2
73.96043575,75.26043575,109.9480858,23.125,199.718,2
71.04534212,97.54534212,132.0853421,23.027,200.512,2
71.35954053,119.8595405,154.2518405,22.928,201.247,2
72.29243354,112.6924335,147.0672835,22.917,197.032,2
71.12429908,113.8242991,148.3084991,22.989,203.379,2
71.31924641,102.2192464,136.9921464,23.182,203.342,2
72.19893466,108.4989347,142.8780347,22.919,205.311,2
69.47725915,93.87725915,128.3259092,22.966,202.24,1
71.47109023,103.3710902,137.8490902,22.985,202.062,2
71.88616106,97.18616106,131.6410611,22.97,205.378,2
71.86731776,118.2673178,152.9798678,23.142,203.291,2
72.17772895,123.277729,157.824479,23.031,202.805,2
68.97162343,78.77162343,113.1945234,22.949,203.747,3
69.7101915,88.0101915,122.5586415,23.032,203.611,2
69.32052432,79.82052432,114.1470243,22.884,200.262,2
69.82306757,80.92306757,115.4814676,23.039,205.035,2
70.49486299,82.89486299,117.683063,23.192,199.907,3
71.55366222,93.85366222,128.3061122,22.968,201.085,1
71.33200432,103.7320043,138.4806543,23.166,203.135,1
70.9330082,102.8330082,137.5272082,23.129,206.492,2
71.98326287,112.4832629,147.1678129,23.123,207.314,2
70.78642925,105.2864293,139.8172793,23.021,200.311,3
71.25507448,132.1550745,166.2268245,22.715,202.346,2
71.13714416,124.8371442,159.2997442,22.975,199.457,2
69.91284014,100.1128401,134.9054401,23.195,204.852,1
70.02575174,104.3257517,138.8188517,22.995,203.734,1
70.69913446,109.2991345,144.0845345,23.19,205.748,2
71.89679324,105.1967932,139.8942932,23.132,204.133,3
70.21939646,87.31939646,121.7796965,22.974,198.112,2
71.3932373,112.2932373,147.0619373,23.179,200.458,3
72.78731958,94.08731958,128.7508196,23.109,206.312,2
71.58997653,108.4899765,142.6887765,22.799,206.322,3
71.26360899,104.363609,138.910459,23.031,205.3,2
69.86270888,101.6627089,136.3006589,23.092,199.478,2
71.37101724,93.67101724,128.2928172,23.081,203.959,2
71.99610499,89.69610499,124.033455,22.892,204.328,2
71.24372458,95.14372458,129.7078246,23.043,207.94,3
70.56384944,88.16384944,122.9466494,23.189,209.944,3
73.57159864,74.87159864,109.5592486,23.125,206.158,2
71.04824077,97.54824077,132.0882408,23.027,196.769,3
72.13688539,112.5368854,146.9117354,22.917,200.454,3
70.62314734,119.1231473,153.5154473,22.928,196.639,3
71.26398739,113.9639874,148.4481874,22.989,203.899,2
72.95629637,109.2562964,143.6353964,22.919,202.846,1
71.29268716,102.1926872,136.9655872,23.182,204.004,1
70.0814428,94.4814428,128.9300928,22.966,199.515,2
70.8996818,102.7996818,137.2776818,22.985,205.448,3
71.92552795,97.22552795,131.680428,22.97,200.938,2
71.88033997,118.28034,152.99289,23.142,201.493,2
69.48675531,79.28675531,113.7096553,22.949,201.942,2
72.55207062,123.6520706,158.1988206,23.031,203.327,2
70.03970961,88.33970961,122.8881596,23.032,206.968,3
69.65565716,80.15565716,114.4821572,22.884,198.54,3
69.4480694,80.5480694,115.1064694,23.039,202.249,3
70.56408994,82.96408994,117.7522899,23.192,202.853,1
71.41877611,93.71877611,128.1712261,22.968,205.016,2
71.93535707,104.3353571,139.0840071,23.166,206.284,2
71.05952078,102.9595208,137.6537208,23.129,196.491,2
71.16975776,111.6697578,146.3543078,23.123,204.764,3
71.24873488,124.9487349,159.4113349,22.975,202.458,3
70.30808809,104.8080881,139.3389381,23.021,201.235,2
69.38528936,99.58528936,134.3778894,23.195,207.353,2
71.1842693,132.0842693,166.1560193,22.715,198.502,3
69.93944729,104.2394473,138.7325473,22.995,203.068,1
70.00406053,108.6040605,143.3894605,23.19,207.571,3
71.50231888,112.4023189,147.1710189,23.179,202.457,1
72.28334544,105.5833454,140.2808454,23.132,209.092,2
70.01684644,87.11684644,121.5771464,22.974,204.936,1
73.28391341,94.58391341,129.2474134,23.109,203.649,3
72.11507101,109.015071,143.213871,22.799,200.403,3
71.11456868,104.2145687,138.7614187,23.031,204.977,2
70.40327363,102.2032736,136.8412236,23.092,201.652,3
71.30298544,93.60298544,128.2247854,23.081,199.789,2
72.50234895,90.20234895,124.539699,22.892,200.317,2
71.41583419,95.31583419,129.8799342,23.043,199.58,2
70.37679135,87.97679135,122.7595913,23.189,205.765,3
73.62976848,74.92976848,109.6174185,23.125,207.002,2
70.74992549,97.24992549,131.7899255,23.027,201.853,2
71.82807435,112.2280744,146.6029244,22.917,202.594,1
71.33830148,119.8383015,154.2306015,22.928,202.183,3
71.86288638,114.5628864,149.0470864,22.989,205.374,2
71.30401507,102.2040151,136.9769151,23.182,200.196,1
71.99046457,108.2904646,142.6695646,22.919,200.36,1
70.23154648,94.63154648,129.0801965,22.966,199.982,1
70.68274341,102.5827434,137.0607434,22.985,206.056,2
71.81894985,97.11894985,131.5738499,22.97,204.898,2
71.7193064,118.1193064,152.8318564,23.142,200.428,3
72.22919384,123.3291938,157.8759438,23.031,208.638,3
69.54331314,79.34331314,113.7662131,22.949,203.693,2
69.95581508,88.25581508,122.8042651,23.032,202.387,2
68.95809147,79.45809147,113.7845915,22.884,198.559,2
69.32393004,80.42393004,114.98233,23.039,200.95,2
70.56941739,82.96941739,117.7576174,23.192,202.254,1
71.64066482,93.94066482,128.3931148,22.968,196.819,2
71.50089039,103.9008904,138.6495404,23.166,205.08,2
70.6077712,102.5077712,137.2019712,23.129,205.741,3
71.89757984,112.3975798,147.0821298,23.123,206.076,2
71.22248312,132.1224831,166.1942331,22.715,196.892,2
70.75643405,105.2564341,139.7872841,23.021,194.57,2
72.05336135,125.7533614,160.2159614,22.975,204.361,2
69.76658043,99.96658043,134.7591804,23.195,202.427,2
70.27419302,108.874193,143.659593,23.19,197.54,2
70.63413717,104.9341372,139.4272372,22.995,202.483,2
70.88372805,111.7837281,146.5524281,23.179,202.361,2
72.21560991,105.5156099,140.2131099,23.132,201.421,3
70.27186399,87.37186399,121.832164,22.974,203.68,2
72.69927811,93.99927811,128.6627781,23.109,200.911,3
71.29043841,104.3904384,138.9372884,23.031,199.563,2
72.24306544,109.1430654,143.3418654,22.799,205.007,3
70.30062828,102.1006283,136.7385783,23.092,197.6,2
71.90078211,94.20078211,128.8225821,23.081,207.246,2
71.74571254,89.44571254,123.7830625,22.892,201.595,3
71.13538753,95.03538753,129.5994875,23.043,199.853,2
69.95845357,87.55845357,122.3412536,23.189,207.462,2
73.78251939,75.08251939,109.7701694,23.125,202.672,1
70.84378684,97.34378684,131.8837868,23.027,202.95,1
72.33794883,112.7379488,147.1127988,22.917,197.87,2
70.70651879,119.2065188,153.5988188,22.928,199.343,2
71.50991366,114.2099137,148.6941137,22.989,200.24,2
72.41033842,108.7103384,143.0894384,22.919,198.051,2
71.91967972,102.8196797,137.5925797,23.182,203.479,3
69.8739361,94.2739361,128.7225861,22.966,201.84,3
70.62684959,102.5268496,137.0048496,22.985,200.99,3
71.89802033,97.19802033,131.6529203,22.97,199.291,3
72.10927572,118.5092757,153.2218257,23.142,201.029,3
72.72497444,123.8249744,158.3717244,23.031,198.525,2
69.24906003,79.04906003,113.47196,22.949,196.601,1
69.38339856,87.68339856,122.2318486,23.032,203.933,3
69.64446071,80.14446071,114.4709607,22.884,202.93,1
69.64765273,80.74765273,115.3060527,23.039,207.84,3
69.61732623,82.01732623,116.8055262,23.192,203.176,1
70.97826001,93.27826001,127.73071,22.968,204.318,1
72.15175274,104.5517527,139.3004027,23.166,204.677,3
71.14001624,103.0400162,137.7342162,23.129,203.634,3
71.22476616,111.7247662,146.4093162,23.123,198.541,3
70.79189278,105.2918928,139.8227428,23.021,204.198,2
71.23344692,132.1334469,166.2051969,22.715,200.791,3
71.92059483,125.6205948,160.0831948,22.975,207.083,2
70.09823004,100.29823,135.09083,23.195,200.897,3
70.58669186,104.8866919,139.3797919,22.995,199.419,3
70.03830653,108.6383065,143.4237065,23.19,201.424,1
71.43993462,104.7399346,139.4374346,23.132,201.532,3
70.74161719,111.6416172,146.4103172,23.179,202.079,3
70.29734471,87.39734471,121.8576447,22.974,201.037,1
72.84431576,94.14431576,128.8078158,23.109,204.668,3
71.95536731,108.8553673,143.0541673,22.799,201.351,2
71.41710054,104.5171005,139.0639505,23.031,201.475,3
70.17303034,101.9730303,136.6109803,23.092,201.925,1
71.61149445,93.91149445,128.5332945,23.081,202.676,1
71.62686654,89.32686654,123.6642165,22.892,197.669,2
71.30765223,95.20765223,129.7717522,23.043,203.564,1
69.95827525,87.55827525,122.3410753,23.189,206.467,1
74.02002219,75.32002219,110.0076722,23.125,198.742,1
70.32119944,96.82119944,131.3611994,23.027,203.142,2
72.27601642,112.6760164,147.0508664,22.917,207.524,1
71.1154213,119.6154213,154.0077213,22.928,206.96,2
71.54569455,114.2456946,148.7298946,22.989,202.301,3
72.05216249,108.3521625,142.7312625,22.919,199.06,3
72.03615873,102.9361587,137.7090587,23.182,203.226,3
69.50061785,93.90061785,128.3492679,22.966,200.558,3
70.73354237,102.6335424,137.1115424,22.985,202.665,2
71.53121901,96.83121901,131.286119,22.97,203.457,2
72.08513195,118.485132,153.197682,23.142,206.958,3
72.7719237,123.8719237,158.4186737,23.031,198.956,2
69.31037591,79.11037591,113.5332759,22.949,203.543,2
69.26473767,87.56473767,122.1131877,23.032,204.635,2
68.88310204,79.38310204,113.709602,22.884,197.116,2
69.9281354,81.0281354,115.5865354,23.039,203.898,2
70.06331497,82.46331497,117.251515,23.192,202.596,1
71.10110304,93.40110304,127.853553,22.968,210.47,1
71.3957976,103.7957976,138.5444476,23.166,203.436,1
71.62841855,112.1284186,146.8129686,23.123,197.952,2
70.57070017,105.0707002,139.6015502,23.021,200.227,3
71.4501411,132.3501411,166.4218911,22.715,199.785,3
71.63017003,125.33017,159.79277,22.975,199.659,2
69.82680592,100.0268059,134.8194059,23.195,205.361,2
70.09072329,104.3907233,138.8838233,22.995,202.055,2
70.4003756,109.0003756,143.7857756,23.19,209.539,1
72.25566558,105.5556656,140.2531656,23.132,206.185,2
71.49781824,112.3978182,147.1665182,23.179,205.609,3
70.1026062,87.2026062,121.6629062,22.974,200.986,3
72.80471128,94.10471128,128.7682113,23.109,198.567,3
71.93149474,108.8314947,143.0302947,22.799,200.667,3
71.26705833,104.3670583,138.9139083,23.031,200.834,1
70.81666523,102.6166652,137.2546152,23.092,201.661,2
71.66951371,89.36951371,123.7068637,22.892,204.758,2
71.80039642,95.70039642,130.2644964,23.043,203.052,1
70.10838975,87.70838975,122.4911898,23.189,200.978,1
73.29596138,74.59596138,109.2836114,23.125,202.209,3
70.38295751,96.88295751,131.4229575,23.027,207.28,1
71.67321557,112.0732156,146.4480656,22.917,200.892,2
71.14411531,119.6441153,154.0364153,22.928,199.645,1
71.39458087,114.0945809,148.5787809,22.989,204.462,1
72.36912808,108.6691281,143.0482281,22.919,201.662,2
71.16509954,102.0650995,136.8379995,23.182,203.489,2
69.54587225,93.94587225,128.3945223,22.966,200.849,2
71.07954083,102.9795408,137.4575408,22.985,197.249,1
71.56419825,96.86419825,131.3190983,22.97,202.772,3
72.53007372,118.9300737,153.6426237,23.142,205.283,3
69.08173236,78.88173236,113.3046324,22.949,204.408,1
72.37956698,123.479567,158.026317,23.031,198.681,3
69.92709231,88.22709231,122.7755423,23.032,200.911,2
68.71446152,79.21446152,113.5409615,22.884,198.796,2
69.56566041,80.66566041,115.2240604,23.039,196.889,2
69.93809752,82.33809752,117.1262975,23.192,207.494,1
71.64636371,93.94636371,128.3988137,22.968,198.229,2
71.22366799,103.623668,138.372318,23.166,201.836,2
70.69889143,102.5988914,137.2930914,23.129,203.633,2
71.67184353,112.1718435,146.8563935,23.123,204.367,2
70.76467989,105.2646799,139.7955299,23.021,200.858,3
71.90517979,125.6051798,160.0677798,22.975,205.131,2
71.73139712,132.6313971,166.7031471,22.715,197.205,2
70.80912368,87.90912368,122.3694237,22.974,206.928,2
70.91722659,111.8172266,146.5859266,23.179,200.832,2
71.95467002,105.25467,139.95217,23.132,209.262,3
70.49236271,109.0923627,143.8777627,23.19,203.176,3
69.50322966,99.70322966,134.4958297,23.195,197.186,2
69.70338904,104.003389,138.496489,22.995,196.515,3
72.57608349,93.87608349,128.5395835,23.109,198.542,2
72.49640334,109.3964033,143.5952033,22.799,206.133,2
70.58078321,102.3807832,137.0187332,23.092,205.484,3
70.63829766,103.7382977,138.2851477,23.031,200.166,2
72.51279824,90.21279824,124.5501482,22.892,195.379,2
70.98195144,93.28195144,127.9037514,23.081,205.171,2
71.68221808,95.58221808,130.1463181,23.043,205.371,3
70.05808085,87.65808085,122.4408809,23.189,203.292,2
72.22876494,112.6287649,147.0036149,22.917,203.364,3
73.23455376,74.53455376,109.2222038,23.125,205.083,2
71.12664309,119.6266431,154.0189431,22.928,203.389,2
71.21539992,97.71539992,132.2553999,23.027,199.97,2
71.75398403,114.453984,148.938184,22.989,205.021,2
72.74947206,109.0494721,143.4285721,22.919,200.549,2
72.0158275,102.9158275,137.6887275,23.182,207.424,2
69.60609534,94.00609534,128.4547453,22.966,199.06,3
70.67890688,102.5789069,137.0569069,22.985,203.518,3
72.07798272,118.4779827,153.1905327,23.142,202.9,3
71.61032005,96.91032005,131.3652201,22.97,195.942,2
72.85595687,123.9559569,158.5027069,23.031,200.874,3
69.38241043,79.18241043,113.6053104,22.949,197.103,2
70.01405869,88.31405869,122.8625087,23.032,202.925,2
69.11641349,79.61641349,113.9429135,22.884,200.087,2
69.21812135,80.31812135,114.8765214,23.039,202.726,2
70.17546251,82.57546251,117.3636625,23.192,202.691,2
70.9593923,93.2593923,127.7118423,22.968,200.575,2
70.65063153,102.5506315,137.2448315,23.129,202.857,2
71.36238214,103.7623821,138.5110321,23.166,203.382,2
71.36763065,111.8676307,146.5521807,23.123,203.355,2
70.81357822,105.3135782,139.8444282,23.021,204.427,2
70.1191883,100.3191883,135.1117883,23.195,206.685,2
71.91297397,132.812974,166.884724,22.715,198.629,2
70.03086549,104.3308655,138.8239655,22.995,202.119,2
72.07144462,105.3714446,140.0689446,23.132,199.783,2
71.43637347,125.1363735,159.5989735,22.975,202.996,2
71.31163849,112.2116385,146.9803385,23.179,206.447,2
70.77163871,109.3716387,144.1570387,23.19,200.641,2
70.46492749,87.56492749,122.0252275,22.974,199.514,2
73.24677498,94.54677498,129.210275,23.109,201.966,3
71.30907068,104.4090707,138.9559207,23.031,203.97,1
72.32939033,109.2293903,143.4281903,22.799,198.8,2
70.78322637,102.5832264,137.2211764,23.092,198.9,3
71.32928179,93.62928179,128.2510818,23.081,202.873,2
71.90632673,89.60632673,123.9436767,22.892,204.421,2
73.07519613,74.37519613,109.0628461,23.125,203.885,1
70.54268734,88.14268734,122.9254873,23.189,208.671,2
71.32609391,95.22609391,129.7901939,23.043,203.112,2
70.36395873,96.86395873,131.4039587,23.027,200.925,2
72.42030506,112.8203051,147.1951551,22.917,196.8,2
71.27472219,113.9747222,148.4589222,22.989,205.667,2
72.33673446,108.6367345,143.0158345,22.919,199.801,3
71.68175,102.58175,137.35465,23.182,208.226,3
71.17298531,119.6729853,154.0652853,22.928,203.768,2
71.08266038,102.9826604,137.4606604,22.985,204.96,2
71.86363029,97.16363029,131.6185303,22.97,198.901,2
69.73527795,94.13527795,128.5839279,22.966,201.243,2
72.00365139,118.4036514,153.1162014,23.142,205.293,2
68.97562975,78.77562975,113.1985298,22.949,201.865,2
69.57866079,87.87866079,122.4271108,23.032,202.099,2
72.91929858,124.0192986,158.5660486,23.031,199.39,2
69.03127849,79.53127849,113.8577785,22.884,200.699,3
69.11849497,80.21849497,114.776895,23.039,201.637,2
70.3934052,82.7934052,117.5816052,23.192,204.933,2
71.30950825,93.60950825,128.0619583,22.968,195.28,2
70.67695023,102.5769502,137.2711502,23.129,205.666,2
71.8992192,104.2992192,139.0478692,23.166,204.058,2
71.66958641,132.5695864,166.6413364,22.715,196.148,2
71.22443719,124.9244372,159.3870372,22.975,205.369,2
70.19114138,100.3911414,135.1837414,23.195,202.029,3
70.6386329,105.1386329,139.6694829,23.021,203.19,2
70.09011441,104.3901144,138.8832144,22.995,201.499,2
72.40380143,105.7038014,140.4013014,23.132,202.542,2
70.75245633,111.6524563,146.4211563,23.179,199.83,2
70.40281661,109.0028166,143.7882166,23.19,205.645,2
70.21150786,87.31150786,121.7718079,22.974,201.488,2
71.90132945,108.8013295,143.0001295,22.799,199.746,2
73.31187243,94.61187243,129.2753724,23.109,200.25,2
70.76802344,103.8680234,138.4148734,23.031,202.828,2
71.48815861,93.78815861,128.4099586,23.081,206.935,2
70.14966604,101.949666,136.587616,23.092,196.606,2
71.70058593,89.40058593,123.7379359,22.892,207.097,2
70.60462578,88.20462578,122.9874258,23.189,206.7,2
71.15490933,95.05490933,129.6190093,23.043,206.403,2
73.97771619,75.27771619,109.9653662,23.125,208.074,2
70.90761721,97.40761721,131.9476172,23.027,203.555,2
70.48347992,118.9834799,153.3757799,22.928,201.887,2
71.62410144,112.0241014,146.3989514,22.917,203.042,2
69.55364859,93.95364859,128.4022986,22.966,197.454,2
72.38518672,108.6851867,143.0642867,22.919,203.78,2
71.76868782,114.4686878,148.9528878,22.989,202.128,2
70.67316793,102.5731679,137.0511679,22.985,206.932,3
71.76342379,97.06342379,131.5183238,22.97,203.887,2
72.36495545,118.7649555,153.4775055,23.142,206.463,2
72.00469306,102.9046931,137.6775931,23.182,202.51,2
73.1265328,124.2265328,158.7732828,23.031,201.254,2
69.2624917,79.0624917,113.4853917,22.949,198.558,2
69.33830603,87.63830603,122.186756,23.032,199.215,2
69.44735753,79.94735753,114.2738575,22.884,199.925,2
69.9162756,81.0162756,115.5746756,23.039,205.978,2
69.97974645,82.37974645,117.1679465,23.192,196.202,3
71.43766338,93.73766338,128.1901134,22.968,198.789,2
71.03006233,102.9300623,137.6242623,23.129,206.33,2
71.68887769,104.0888777,138.8375277,23.166,201.368,2
71.95561268,112.4556127,147.1401627,23.123,203.243,2
69.33968219,99.53968219,134.3322822,23.195,201.435,2
71.92449262,132.8244926,166.8962426,22.715,196.753,2
71.261079,105.761079,140.291929,23.021,204.906,2
71.74992434,125.4499243,159.9125243,22.975,200.916,2
70.1317217,104.4317217,138.9248217,22.995,203.437,2
70.78265527,87.88265527,122.3429553,22.974,206.885,2
72.15059596,105.450596,140.148096,23.132,209.002,2
71.08003539,111.9800354,146.7487354,23.179,207.315,2
70.02154938,108.6215494,143.4069494,23.19,207.876,2
70.84573482,103.9457348,138.4925848,23.031,198.766,2
73.26724539,94.56724539,129.2307454,23.109,202.373,2
72.10155901,109.001559,143.200359,22.799,204.544,2
70.22964452,102.0296445,136.6675945,23.092,202.535,2
72.55573422,90.25573422,124.5930842,22.892,207.792,2
71.30619129,93.60619129,128.2279913,23.081,204.725,2
70.55878694,88.15878694,122.9415869,23.189,206.708,2
73.10160635,74.40160635,109.0892564,23.125,202.645,2
71.24742653,95.14742653,129.7115265,23.043,197.646,2
70.38129349,96.88129349,131.4212935,23.027,203.728,2
70.65104417,119.1510442,153.5433442,22.928,205.741,2
70.95154464,113.6515446,148.1357446,22.989,206.151,2
71.74902017,112.1490202,146.5238702,22.917,207.014,3
72.06750131,102.9675013,137.7404013,23.182,199.665,1
70.21652408,94.61652408,129.0651741,22.966,207.145,2
70.99928775,102.8992878,137.3772878,22.985,197.701,2
71.48627608,96.78627608,131.2411761,22.97,200.069,2
72.03852315,118.4385232,153.1510732,23.142,198.741,3
69.30694479,87.60694479,122.1553948,23.032,207.176,2
72.47082866,123.5708287,158.1175787,23.031,202.994,2
69.19582059,78.99582059,113.4187206,22.949,198.385,2
69.46220994,80.56220994,115.1206099,23.039,202.482,2
68.91665183,79.41665183,113.7431518,22.884,201.672,2
70.06420532,82.46420532,117.2524053,23.192,202.979,2
71.36651547,93.66651547,128.1189655,22.968,202.132,2
70.52056994,102.4205699,137.1147699,23.129,204.666,2
71.73639397,104.136394,138.885044,23.166,206.399,3
71.65946059,112.1594606,146.8440106,23.123,206.276,2
69.56646559,99.76646559,134.5590656,23.195,201.013,2
70.69851551,105.1985155,139.7293655,23.021,200.773,2
71.21609861,132.1160986,166.1878486,22.715,195.946,2
71.25721394,124.9572139,159.4198139,22.975,202.359,2
70.53838854,104.8383885,139.3314885,22.995,206.298,3
70.27591472,108.8759147,143.6613147,23.19,199.845,2
72.24348536,105.5434854,140.2409854,23.132,202.611,2
71.31957966,112.2195797,146.9882797,23.179,208.299,2
70.36939728,87.46939728,121.9296973,22.974,199.801,2
72.80034692,94.10034692,128.7638469,23.109,208.129,3
72.27152203,109.171522,143.370322,22.799,199.548,2
71.25725878,93.55725878,128.1790588,23.081,199.039,2
71.41751175,104.5175118,139.0643618,23.031,203.554,2
70.84624797,102.646248,137.284198,23.092,206.117,2
69.82956853,87.42956853,122.2123685,23.189,202.47,2
71.9091274,95.8091274,130.3732274,23.043,203.779,1
72.65512842,90.35512842,124.6924784,22.892,205.659,3
73.6405428,74.9405428,109.6281928,23.125,197.709,2
71.98363107,112.3836311,146.7584811,22.917,202.452,2
70.69369925,97.19369925,131.7336993,23.027,206.653,2
71.02267815,119.5226782,153.9149782,22.928,200.617,3
72.34688848,108.6468885,143.0259885,22.919,203.572,2
71.89420334,102.7942033,137.5671033,23.182,203.178,2
71.20244766,113.9024477,148.3866477,22.989,197.488,2
70.23401856,94.63401856,129.0826686,22.966,203.699,2
70.51543991,102.4154399,136.8934399,22.985,198.884,1
72.40592947,118.8059295,153.5184795,23.142,206.811,2
71.94643601,97.24643601,131.701336,22.97,201.121,2
73.18657959,124.2865796,158.8333296,23.031,197.734,2
68.98156928,78.78156928,113.2044693,22.949,204.209,2
69.96639477,88.26639477,122.8148448,23.032,194.728,2
69.83775429,80.93775429,115.4961543,23.039,199.024,3
68.70585526,79.20585526,113.5323553,22.884,201.936,2
69.74520399,82.14520399,116.933404,23.192,204.006,2
70.79153587,93.09153587,127.5439859,22.968,202.434,2
70.31031774,102.2103177,136.9045177,23.129,199.369,3
71.71123545,112.2112355,146.8957855,23.123,201.611,2
71.27275661,103.6727566,138.4214066,23.166,205.465,2
70.71387248,105.2138725,139.7447225,23.021,204.785,2
71.94256413,132.8425641,166.9143141,22.715,199.166,2
69.78358417,99.98358417,134.7761842,23.195,204.866,1
71.3557309,125.0557309,159.5183309,22.975,198.682,3
69.95122625,104.2512263,138.7443263,22.995,203.474,2
71.44418407,104.7441841,139.4416841,23.132,207.325,2
71.43104739,112.3310474,147.0997474,23.179,196.141,2
70.21405221,87.31405221,121.7743522,22.974,207.304,2
70.12922979,108.7292298,143.5146298,23.19,206.454,2
72.62537424,93.92537424,128.5888742,23.109,206.444,2
71.9158859,108.8158859,143.0146859,22.799,199.51,2
71.40998326,104.5099833,139.0568333,23.031,203.765,2
71.74832832,94.04832832,128.6701283,23.081,204.405,2
69.86355466,101.6635547,136.3015047,23.092,204.184,2
71.65506983,89.35506983,123.6924198,22.892,195.585,3
70.3677106,87.9677106,122.7505106,23.189,211.069,2
71.44863053,95.34863053,129.9127305,23.043,197.574,2
73.71977757,75.01977757,109.7074276,23.125,206.462,3
71.62820935,112.0282094,146.4030594,22.917,199.5,2
70.33152331,96.83152331,131.3715233,23.027,203.249,2
71.24548308,119.7454831,154.1377831,22.928,202.394,2
70.98740614,113.6874061,148.1716061,22.989,201.68,2
72.28295522,108.5829552,142.9620552,22.919,205.25,2
72.05717404,102.957174,137.730074,23.182,199.551,2
69.99037252,94.39037252,128.8390225,22.966,197.955,3
71.00439898,96.30439898,130.759299,22.97,202.083,2
71.4294291,103.3294291,137.8074291,22.985,205.741,3
72.61418347,119.0141835,153.7267335,23.142,206.236,2
69.4758668,79.2758668,113.6987668,22.949,196.814,2
69.84007562,88.14007562,122.6885256,23.032,201.496,2
72.66475838,123.7647584,158.3115084,23.031,199.825,2
68.97674921,79.47674921,113.8032492,22.884,193.89,3
70.16015564,82.56015564,117.3483556,23.192,206.993,2
71.07784903,93.37784903,127.830299,22.968,199.089,2
70.7366103,102.6366103,137.3308103,23.129,206.245,1
71.7869261,104.1869261,138.9355761,23.166,205.443,2
71.45285584,111.9528558,146.6374058,23.123,204.809,2
71.55026292,125.2502629,159.7128629,22.975,205.645,2
71.26990447,132.1699045,166.2416545,22.715,198.352,3
69.99690069,100.1969007,134.9895007,23.195,204.187,2
70.74829236,105.2482924,139.7791424,23.021,203.516,2
70.70662764,109.3066276,144.0920276,23.19,203.232,2
70.44782804,104.747828,139.240928,22.995,196.737,2
72.16542123,105.4654212,140.1629212,23.132,201.596,3
72.86495805,94.16495805,128.8284581,23.109,209.85,2
71.64007974,112.5400797,147.3087797,23.179,207.867,3
70.75051302,103.850513,138.397363,23.031,204.014,2
70.23762813,87.33762813,121.7979281,22.974,201.962,2
71.58219649,108.4821965,142.6809965,22.799,196.558,2
70.39686017,102.1968602,136.8348102,23.092,199.175,2
71.70144455,94.00144455,128.6232446,23.081,204.951,2
70.43505806,88.03505806,122.8178581,23.189,204.924,2
71.72299828,95.62299828,130.1870983,23.043,205.195,2
71.86420996,89.56420996,123.90156,22.892,200.278,3
73.31153357,74.61153357,109.2991836,23.125,204.521,2
70.56693121,97.06693121,131.6069312,23.027,202.6,2
72.14607054,112.5460705,146.9209205,22.917,197.069,3
71.50192331,114.2019233,148.6861233,22.989,202.54,2
72.35423414,108.6542341,143.0333341,22.919,206.684,2
71.41909421,102.3190942,137.0919942,23.182,198.88,3
70.54707382,119.0470738,153.4393738,22.928,204.677,3
71.11719647,103.0171965,137.4951965,22.985,206.475,2
71.68022356,96.98022356,131.4351236,22.97,197.866,2
70.05124109,94.45124109,128.8998911,22.966,203.142,2
72.04114482,118.4411448,153.1536948,23.142,204.001,2
69.13756629,87.43756629,121.9860163,23.032,201.047,2
68.87727009,78.67727009,113.1001701,22.949,199.081,2
72.8201078,123.9201078,158.4668578,23.031,198.854,2
69.83030596,80.93030596,115.488706,23.039,199.853,3
69.47160575,79.97160575,114.2981058,22.884,200.77,2
69.88459206,82.28459206,117.0727921,23.192,207.365,2
71.56775456,93.86775456,128.3202046,22.968,201.375,2
70.5485908,102.4485908,137.1427908,23.129,207.036,2
72.19914762,104.5991476,139.3477976,23.166,203.205,2
71.26633515,111.7663352,146.4508852,23.123,207.568,2
71.28179999,132.1818,166.25355,22.715,203.322,2
71.29492671,124.9949267,159.4575267,22.975,200.375,2
71.02486124,105.5248612,140.0557112,23.021,203.266,2
69.76554119,99.96554119,134.7581412,23.195,209.07,2
70.38493899,104.684939,139.178039,22.995,207.143,2
70.52424263,109.1242426,143.9096426,23.19,199.741,2
71.74149338,105.0414934,139.7389934,23.132,208.202,2
71.67477,112.57477,147.34347,23.179,207.004,2
69.33778484,80.43778484,114.9961848,23.039,200.082,3
70.76867215,87.86867215,122.3289722,22.974,205.506,3
72.52276277,93.82276277,128.4862628,23.109,207.366,2
71.79003673,108.6900367,142.8888367,22.799,196.905,2
70.6323855,102.4323855,137.0703355,23.092,207.627,2
71.43563024,104.5356302,139.0824802,23.031,199.054,2
71.10947035,93.40947035,128.0312703,23.081,206.229,2
72.65143293,90.35143293,124.6887829,22.892,202.534,1
70.03615694,87.63615694,122.4189569,23.189,198.627,2
71.06879299,94.96879299,129.532893,23.043,201.967,2
73.85763266,75.15763266,109.8452827,23.125,199.081,3
72.46234925,112.8623493,147.2371993,22.917,204.434,2
70.38245375,96.88245375,131.4224538,23.027,203.68,3
72.13951525,108.4395153,142.8186153,22.919,196.309,2
70.42980541,118.9298054,153.3221054,22.928,204.811,2
70.92081081,113.6208108,148.1050108,22.989,200.721,3
71.97822774,102.8782277,137.6511277,23.182,206.518,2
70.29106191,94.69106191,129.1397119,22.966,204.082,2
71.83038904,118.230389,152.942939,23.142,205.251,2
70.67812585,102.5781259,137.0561259,22.985,201.475,2
69.53760059,87.83760059,122.3860506,23.032,200.463,2
72.59393163,123.6939316,158.2406816,23.031,202.0,2
68.99645875,78.79645875,113.2193588,22.949,204.653,2
70.01394588,81.11394588,115.6723459,23.039,199.44,3
69.30730718,79.80730718,114.1338072,22.884,199.161,2
70.55042472,82.95042472,117.7386247,23.192,203.02,2
70.93928987,93.23928987,127.6917399,22.968,204.523,3
71.37718838,103.7771884,138.5258384,23.166,202.802,1
70.53171684,102.4317168,137.1259168,23.129,203.392,2
71.07721161,111.5772116,146.2617616,23.123,202.498,2
71.81885824,132.7188582,166.7906082,22.715,196.386,2
72.08425739,125.7842574,160.2468574,22.975,203.294,2
71.21723778,105.7172378,140.2480878,23.021,203.179,2
69.7989513,99.9989513,134.7915513,23.195,202.161,2
70.29879974,108.8987997,143.6841997,23.19,208.742,2
72.18780981,105.4878098,140.1853098,23.132,202.334,2
70.46030072,104.7603007,139.2534007,22.995,197.016,2
71.07257153,111.9725715,146.7412715,23.179,201.154,2
70.6504081,87.7504081,122.2107081,22.974,197.89,2
72.80496321,94.10496321,128.7684632,23.109,200.872,2
72.04028214,108.9402821,143.1390821,22.799,199.04,3
71.199607,104.299607,138.846457,23.031,203.07,2
70.81758292,102.6175829,137.2555329,23.092,207.589,3
71.32182964,93.62182964,128.2436296,23.081,199.729,3
70.37969043,87.97969043,122.7624904,23.189,206.269,2
71.47918949,95.37918949,129.9432895,23.043,198.891,3
72.14952957,89.84952957,124.1868796,22.892,196.954,2
71.15189055,97.65189055,132.1918906,23.027,201.424,3
73.71452295,75.01452295,109.702173,23.125,210.468,2
72.16847819,112.5684782,146.9433282,22.917,204.44,2
72.547901,108.847901,143.227001,22.919,199.374,2
70.50644056,119.0064406,153.3987406,22.928,203.998,2
71.73454302,114.434543,148.918743,22.989,199.871,2
72.07777623,102.9777762,137.7506762,23.182,205.275,2
70.02735083,94.42735083,128.8760008,22.966,202.809,2
71.43473364,103.3347336,137.8127336,22.985,199.532,2
71.87604612,97.17604612,131.6309461,22.97,204.534,2
72.39205715,118.7920572,153.5046072,23.142,198.073,2
69.43968432,79.23968432,113.6625843,22.949,197.046,2
72.35413979,123.4541398,158.0008898,23.031,196.885,2
69.35223357,87.65223357,122.2006836,23.032,204.429,2
69.11470195,79.61470195,113.941202,22.884,202.228,2
69.30621089,80.40621089,114.9646109,23.039,204.069,2
69.58799596,81.98799596,116.776196,23.192,202.512,2
71.10728346,93.40728346,127.8597335,22.968,201.437,2
72.12903858,104.5290386,139.2776886,23.166,203.438,2
70.81197602,102.711976,137.406176,23.129,202.657,1
71.70886496,112.208865,146.893415,23.123,204.441,2
71.35272487,132.2527249,166.3244749,22.715,197.587,2
69.36489561,99.56489561,134.3574956,23.195,202.59,3
70.78095514,105.2809551,139.8118051,23.021,202.462,2
71.91413467,125.6141347,160.0767347,22.975,201.225,2
70.1050004,108.7050004,143.4904004,23.19,208.965,3
69.88036723,104.1803672,138.6734672,22.995,199.45,2
71.84621409,105.1462141,139.8437141,23.132,202.945,3
70.92483318,111.8248332,146.5935332,23.179,205.774,3
70.40918529,87.50918529,121.9694853,22.974,198.454,3
72.67874077,93.97874077,128.6422408,23.109,198.986,2
72.30542359,109.2054236,143.4042236,22.799,202.38,3
70.83113944,103.9311394,138.4779894,23.031,197.735,2
71.87369351,94.17369351,128.7954935,23.081,206.643,2
70.26844011,102.0684401,136.7063901,23.092,201.182,2
72.3656157,90.0656157,124.4029657,22.892,197.343,2
72.02025661,95.92025661,130.4843566,23.043,200.997,3
69.81845747,87.41845747,122.2012575,23.189,207.456,2
73.81150389,75.11150389,109.7991539,23.125,199.187,2
70.46458117,96.96458117,131.5045812,23.027,206.205,2
71.95163602,112.351636,146.726486,22.917,200.839,2
71.43828877,119.9382888,154.3305888,22.928,201.522,2
72.11914103,103.019141,137.792041,23.182,206.546,3
71.59695609,114.2969561,148.7811561,22.989,205.127,2
72.41696202,108.716962,143.096062,22.919,198.938,2
71.28245369,103.1824537,137.6604537,22.985,198.616,3
71.50466667,96.80466667,131.2595667,22.97,203.583,2
69.9891875,94.3891875,128.8378375,22.966,192.667,2
71.84629768,118.2462977,152.9588477,23.142,194.204,1
72.80998317,123.9099832,158.4567332,23.031,197.129,3
69.85381543,88.15381543,122.7022654,23.032,204.913,2
68.87724149,78.67724149,113.1001415,22.949,199.274,2
69.45746622,79.95746622,114.2839662,22.884,199.967,2
70.10701322,81.20701322,115.7654132,23.039,203.85,2
69.64833264,82.04833264,116.8365326,23.192,210.975,1
70.9379453,93.2379453,127.6903953,22.968,202.321,2
71.37145628,103.7714563,138.5201063,23.166,204.593,3
71.14104988,103.0410499,137.7352499,23.129,198.185,2
71.88822847,112.3882285,147.0727785,23.123,203.197,2
71.22803197,124.928032,159.390632,22.975,204.878,2
69.34791526,99.54791526,134.3405153,23.195,201.541,2
70.85413311,105.3541331,139.8849831,23.021,202.867,3
72.07766398,132.977664,167.049414,22.715,196.208,2
69.93807672,108.5380767,143.3234767,23.19,206.966,2
70.44142632,104.7414263,139.2345263,22.995,198.734,2
71.1503961,112.0503961,146.8190961,23.179,211.861,2
70.42810492,87.52810492,121.9884049,22.974,201.254,2
71.57497207,104.8749721,139.5724721,23.132,207.33,2
73.48584734,94.78584734,129.4493473,23.109,203.435,2
72.19185883,109.0918588,143.2906588,22.799,202.101,2
70.69421552,103.7942155,138.3410655,23.031,203.677,2
70.65167291,102.4516729,137.0896229,23.092,203.629,2
71.822019,94.122019,128.743819,23.081,203.0,2
72.52924579,90.22924579,124.5665958,22.892,202.99,2
71.44442877,95.34442877,129.9085288,23.043,202.619,2
74.03047012,75.33047012,110.0181201,23.125,196.877,2
69.8948172,87.4948172,122.2776172,23.189,199.464,2
70.72783146,97.22783146,131.7678315,23.027,196.975,2
72.25735307,112.6573531,147.0322031,22.917,198.726,2
70.69278751,119.1927875,153.5850875,22.928,202.968,3
71.94125394,108.2412539,142.6203539,22.919,198.868,2
71.00856175,113.7085618,148.1927618,22.989,198.684,2
69.81679701,94.21679701,128.665447,22.966,197.543,2
71.47199734,103.3719973,137.8499973,22.985,204.644,2
71.0239456,96.3239456,130.7788456,22.97,201.845,2
72.29564963,118.6956496,153.4081996,23.142,201.931,2
73.17531233,124.2753123,158.8220623,23.031,206.35,2
69.46533094,87.76533094,122.3137809,23.032,201.809,2
69.16669793,78.96669793,113.3895979,22.949,200.103,2
69.15521442,79.65521442,113.9817144,22.884,204.708,2
69.87817787,80.97817787,115.5365779,23.039,199.393,2
69.88218442,82.28218442,117.0703844,23.192,205.815,2
71.14259472,93.44259472,127.8950447,22.968,194.405,2
71.58810115,103.9881012,138.7367512,23.166,202.908,2
70.60855463,102.5085546,137.2027546,23.129,198.504,2
71.1167145,111.6167145,146.3012645,23.123,205.658,2
71.22138309,105.7213831,140.2522331,23.021,204.73,2
71.36803265,125.0680327,159.5306327,22.975,199.726,2
70.15740048,100.3574005,135.1500005,23.195,202.554,2
71.95434073,132.8543407,166.9260907,22.715,192.237,2
70.10041457,104.4004146,138.8935146,22.995,201.321,2
69.9871006,108.5871006,143.3725006,23.19,200.477,3
72.06219718,105.3621972,140.0596972,23.132,206.136,2
71.03862376,111.9386238,146.7073238,23.179,204.629,2
70.53851444,87.63851444,122.0988144,22.974,197.087,2
72.81885627,94.11885627,128.7823563,23.109,204.038,3
71.9712491,108.8712491,143.0700491,22.799,200.029,2
70.96763022,104.0676302,138.6144802,23.031,205.572,2
70.17464768,101.9746477,136.6125977,23.092,201.537,2
71.21619925,93.51619925,128.1379993,23.081,208.603,2
72.17914399,89.87914399,124.216494,22.892,203.892,2
69.81810143,87.41810143,122.2009014,23.189,200.172,3
71.9288085,95.8288085,130.3929085,23.043,198.985,2
73.25993944,74.55993944,109.2475894,23.125,201.904,2
71.99076549,112.3907655,146.7656155,22.917,199.622,2
71.12741927,97.62741927,132.1674193,23.027,203.394,2
70.91087173,113.6108717,148.0950717,22.989,199.553,3
70.4980889,118.9980889,153.3903889,22.928,199.737,2
71.77829583,102.6782958,137.4511958,23.182,203.014,2
72.07498761,108.3749876,142.7540876,22.919,199.133,2
69.93739709,94.33739709,128.7860471,22.966,196.856,2
71.17848702,103.078487,137.556487,22.985,203.677,2
71.04803308,96.34803308,130.8029331,22.97,201.676,2
72.27793409,118.6779341,153.3904841,23.142,201.61,3
72.23928851,123.3392885,157.8860385,23.031,202.351,3
69.79480029,88.09480029,122.6432503,23.032,194.123,2
68.94773603,78.74773603,113.170636,22.949,200.734,2
68.68689793,79.18689793,113.5133979,22.884,197.818,2
70.09594274,81.19594274,115.7543427,23.039,202.01,2
70.36437909,82.76437909,117.5525791,23.192,204.935,2
71.41930355,93.71930355,128.1717536,22.968,205.462,2
72.02535395,104.425354,139.174004,23.166,205.104,2
70.86397606,102.7639761,137.4581761,23.129,200.457,3
71.70487342,112.2048734,146.8894234,23.123,203.528,2
70.32776683,104.8277668,139.3586168,23.021,202.508,2
71.54960783,132.4496078,166.5213578,22.715,195.895,2
71.45763252,125.1576325,159.6202325,22.975,207.22,2
70.01926066,100.2192607,135.0118607,23.195,202.431,2
69.97597443,108.5759744,143.3613744,23.19,205.644,2
70.13247304,104.432473,138.925573,22.995,202.883,2
71.6328934,104.9328934,139.6303934,23.132,205.502,2
70.42056323,87.52056323,121.9808632,22.974,203.593,3
71.72268094,112.6226809,147.3913809,23.179,203.698,2
71.59027604,104.690276,139.237126,23.031,202.577,3
72.78667228,94.08667228,128.7501723,23.109,200.211,1
72.29709709,109.1970971,143.3958971,22.799,203.377,2
70.06485494,101.8648549,136.5028049,23.092,204.018,2
71.70574928,94.00574928,128.6275493,23.081,203.656,2
71.83427533,89.53427533,123.8716253,22.892,205.884,1
69.86930004,87.46930004,122.2521,23.189,202.964,2
71.93398933,95.83398933,130.3980893,23.043,206.265,2
73.57635354,74.87635354,109.5640035,23.125,205.809,3
71.22708599,97.72708599,132.267086,23.027,203.357,3
71.83724762,112.2372476,146.6120976,22.917,198.971,2
70.55376214,119.0537621,153.4460621,22.928,206.282,2
71.87010147,114.5701015,149.0543015,22.989,203.898,2
72.88503447,109.1850345,143.5641345,22.919,198.657,2
72.1665448,103.0665448,137.8394448,23.182,203.186,1
69.92334008,94.32334008,128.7719901,22.966,202.544,2
70.85815037,102.7581504,137.2361504,22.985,199.969,2
71.50556637,96.80556637,131.2604664,22.97,205.186,2
72.3990075,118.7990075,153.5115575,23.142,203.125,2
72.77792082,123.8779208,158.4246708,23.031,204.074,3
69.14809766,78.94809766,113.3709977,22.949,199.499,2
69.96011824,88.26011824,122.8085682,23.032,199.751,2
69.32946721,79.82946721,114.1559672,22.884,199.462,2
69.28980589,80.38980589,114.9482059,23.039,199.714,3
69.70078367,82.10078367,116.8889837,23.192,205.464,2
71.36529074,93.66529074,128.1177407,22.968,203.166,2
70.55609634,102.4560963,137.1502963,23.129,200.11,1
71.65856933,104.0585693,138.8072193,23.166,207.296,2
71.89683714,112.3968371,147.0813871,23.123,203.777,2
71.14557206,124.8455721,159.3081721,22.975,199.804,2
70.99898456,105.4989846,140.0298346,23.021,202.644,2
72.09437734,132.9943773,167.0661273,22.715,204.522,2
69.48472875,99.68472875,134.4773288,23.195,203.704,2
70.43380561,104.7338056,139.2269056,22.995,204.843,2
70.65400423,109.2540042,144.0394042,23.19,203.18,2
71.55045397,104.850454,139.547954,23.132,203.652,3
70.82681813,111.7268181,146.4955181,23.179,199.689,2
72.67062299,93.97062299,128.634123,23.109,199.241,2
71.70992965,108.6099297,142.8087297,22.799,204.314,2
69.93662396,87.03662396,121.496924,22.974,204.418,3
70.6928678,103.7928678,138.3397178,23.031,199.507,2
70.15597105,101.9559711,136.5939211,23.092,202.453,3
71.84641415,94.14641415,128.7682142,23.081,204.698,2
72.47430986,90.17430986,124.5116599,22.892,202.688,2
72.01347469,95.91347469,130.4775747,23.043,204.694,2
70.2634059,87.8634059,122.6462059,23.189,205.349,2
73.68589622,74.98589622,109.6735462,23.125,201.732,3
70.59521587,97.09521587,131.6352159,23.027,209.691,2
71.86448345,112.2644835,146.6393335,22.917,199.461,2
70.50741967,119.0074197,153.3997197,22.928,199.644,2
71.93805522,114.6380552,149.1222552,22.989,202.468,3
72.02402983,108.3240298,142.7031298,22.919,205.224,2
71.91628811,102.8162881,137.5891881,23.182,199.668,2
69.36130552,93.76130552,128.2099555,22.966,201.183,2
71.52783136,103.4278314,137.9058314,22.985,200.589,2
72.0017092,97.3017092,131.7566092,22.97,206.424,2
72.55524755,118.9552476,153.6677976,23.142,202.277,2
69.70939685,79.50939685,113.9322969,22.949,202.882,2
69.55278594,87.85278594,122.4012359,23.032,200.94,2
72.87064058,123.9706406,158.5173906,23.031,201.841,2
69.53769778,80.03769778,114.3641978,22.884,206.23,2
69.61614854,80.71614854,115.2745485,23.039,201.929,3
69.97980956,82.37980956,117.1680096,23.192,203.744,2
71.55665832,93.85665832,128.3091083,22.968,199.571,2
71.72913423,104.1291342,138.8777842,23.166,207.041,2
70.75174029,102.6517403,137.3459403,23.129,205.1,2
71.79410582,112.2941058,146.9786558,23.123,209.551,2
71.64166639,132.5416664,166.6134164,22.715,195.802,2
72.08539989,125.7853999,160.2479999,22.975,199.046,2
69.64432939,99.84432939,134.6369294,23.195,196.336,2
71.0185596,105.5185596,140.0494096,23.021,202.988,2
70.41929824,104.7192982,139.2123982,22.995,207.834,2
70.37626728,108.9762673,143.7616673,23.19,204.951,2
71.63547369,112.5354737,147.3041737,23.179,201.435,2
71.48464848,104.7846485,139.4821485,23.132,201.398,2
70.5263164,87.6263164,122.0866164,22.974,202.961,2
72.98912815,94.28912815,128.9526282,23.109,206.31,3
70.91590158,104.0159016,138.5627516,23.031,200.804,2
71.61183886,108.5118389,142.7106389,22.799,201.65,3
70.86502672,102.6650267,137.3029767,23.092,201.377,2
71.25865214,93.55865214,128.1804521,23.081,201.379,3
71.47219601,95.37219601,129.936296,23.043,200.688,2
71.92961481,89.62961481,123.9669648,22.892,202.317,2
73.24759748,74.54759748,109.2352475,23.125,209.603,3
70.41935784,88.01935784,122.8021578,23.189,205.451,3
72.04077702,112.440777,146.815627,22.917,199.731,2
70.63586732,97.13586732,131.6758673,23.027,202.314,3
70.42430641,118.9243064,153.3166064,22.928,209.352,2
71.6987158,114.3987158,148.8829158,22.989,204.134,3
72.25912468,108.5591247,142.9382247,22.919,206.546,2
71.86434518,102.7643452,137.5372452,23.182,206.492,3
69.62561015,94.02561015,128.4742602,22.966,203.439,3
71.3819817,103.2819817,137.7599817,22.985,202.385,2
71.67679096,96.97679096,131.431691,22.97,198.778,3
71.90690678,118.3069068,153.0194568,23.142,198.69,2
72.9273627,124.0273627,158.5741127,23.031,204.992,2
69.25629815,87.55629815,122.1047482,23.032,202.606,3
69.59096419,79.39096419,113.8138642,22.949,205.182,3
69.62134465,80.12134465,114.4478447,22.884,204.314,3
69.43213784,80.53213784,115.0905378,23.039,200.12,3
70.37109063,82.77109063,117.5592906,23.192,202.127,2
71.3005872,93.6005872,128.0530372,22.968,200.18,2
71.77183104,104.171831,138.920481,23.166,201.482,2
70.9162775,102.8162775,137.5104775,23.129,201.96,2
71.77650976,112.2765098,146.9610598,23.123,203.652,2
71.35934715,132.2593472,166.3310972,22.715,203.452,2
71.92881249,125.6288125,160.0914125,22.975,205.41,2
70.838944,105.338944,139.869794,23.021,201.819,2
69.95222998,100.15223,134.94483,23.195,203.288,2
69.82824902,104.128249,138.621349,22.995,207.134,3
70.78496617,109.3849662,144.1703662,23.19,206.274,2
71.54842696,112.448427,147.217127,23.179,201.445,2
70.37569108,87.47569108,121.9359911,22.974,204.873,2
71.99762923,105.2976292,139.9951292,23.132,207.13,2
71.98406171,108.8840617,143.0828617,22.799,198.939,3
73.0801366,94.3801366,129.0436366,23.109,205.834,2
70.94732935,104.0473294,138.5941794,23.031,198.348,2
70.38693745,102.1869375,136.8248875,23.092,201.585,2
71.83713434,94.13713434,128.7589343,23.081,204.142,2
71.96408168,89.66408168,124.0014317,22.892,202.128,3
71.57416493,95.47416493,130.0382649,23.043,200.067,2
70.32319722,87.92319722,122.7059972,23.189,204.266,2
73.09570973,74.39570973,109.0833597,23.125,202.853,2
70.67140199,97.17140199,131.711402,23.027,201.85,2
71.976138,112.376138,146.750988,22.917,204.405,2
70.49261454,118.9926145,153.3849145,22.928,197.812,2
71.1595443,113.8595443,148.3437443,22.989,205.28,2
71.94990265,108.2499027,142.6290027,22.919,199.39,2
71.90395973,102.8039597,137.5768597,23.182,208.297,2
69.70338934,94.10338934,128.5520393,22.966,207.762,2
70.76367531,102.6636753,137.1416753,22.985,205.323,2
71.93393816,97.23393816,131.6888382,22.97,203.887,2
72.41138669,118.8113867,153.5239367,23.142,203.637,2
72.68749341,123.7874934,158.3342434,23.031,208.797,2
69.10747544,78.90747544,113.3303754,22.949,202.347,2
69.68053309,87.98053309,122.5289831,23.032,202.657,2
69.09346862,79.59346862,113.9199686,22.884,201.389,2
70.11875166,81.21875166,115.7771517,23.039,200.281,2
69.65440778,82.05440778,116.8426078,23.192,203.999,2
70.96130282,93.26130282,127.7137528,22.968,206.143,2
70.12609601,102.026096,136.720296,23.129,201.744,2
71.89447917,104.2944792,139.0431292,23.166,201.479,2
71.1385137,111.6385137,146.3230637,23.123,199.328,2
70.93477087,105.4347709,139.9656209,23.021,208.333,3
71.92422222,132.8242222,166.8959722,22.715,194.967,3
71.92494978,125.6249498,160.0875498,22.975,203.709,2
70.04612034,100.2461203,135.0387203,23.195,208.93,2
70.47439644,104.7743964,139.2674964,22.995,203.692,2
70.71882279,109.3188228,144.1042228,23.19,207.655,2
72.15240537,105.4524054,140.1499054,23.132,203.307,3
71.67134586,112.5713459,147.3400459,23.179,206.225,2
69.8167847,86.9167847,121.3770847,22.974,203.156,2
73.34438863,94.64438863,129.3078886,23.109,204.678,2
72.23438225,109.1343823,143.3331823,22.799,198.272,2
70.91326918,104.0132692,138.5601192,23.031,201.73,2
70.49684247,102.2968425,136.9347925,23.092,200.203,2
71.70656562,94.00656562,128.6283656,23.081,202.22,2
72.31453009,90.01453009,124.3518801,22.892,205.391,2
69.99182154,87.59182154,122.3746215,23.189,207.659,2
71.56944765,95.46944765,130.0335477,23.043,194.255,2
73.65243904,74.95243904,109.640089,23.125,207.23,3
70.35115376,96.85115376,131.3911538,23.027,204.247,2
72.14601065,112.5460107,146.9208607,22.917,195.716,2
71.07017966,119.5701797,153.9624797,22.928,195.068,3
71.05661422,113.7566142,148.2408142,22.989,196.5,2
72.31808006,108.6180801,142.9971801,22.919,197.616,2
71.75379153,102.6537915,137.4266915,23.182,200.287,3
69.32396036,93.72396036,128.1726104,22.966,204.044,2
71.48455808,103.3845581,137.8625581,22.985,208.676,2
71.23366111,96.53366111,130.9885611,22.97,201.493,1
71.98404845,118.3840485,153.0965985,23.142,202.449,2
69.15153408,78.95153408,113.3744341,22.949,202.852,2
72.85480035,123.9548004,158.5015504,23.031,202.275,2
70.05308441,88.35308441,122.9015344,23.032,197.311,2
69.90708394,81.00708394,115.5654839,23.039,201.369,3
69.05872451,79.55872451,113.8852245,22.884,203.36,3
70.37542936,82.77542936,117.5636294,23.192,203.469,3
71.27800028,93.57800028,128.0304503,22.968,202.344,2
70.64231422,102.5423142,137.2365142,23.129,202.187,3
71.87072038,104.2707204,139.0193704,23.166,207.368,3
71.43501181,111.9350118,146.6195618,23.123,199.444,2
70.41182317,104.9118232,139.4426732,23.021,199.553,2
70.04715798,100.247158,135.039758,23.195,198.517,3
71.21055477,132.1105548,166.1823048,22.715,204.851,3
72.06916796,125.769168,160.231768,22.975,198.421,2
70.18762896,104.487629,138.980729,22.995,204.995,2
69.81119277,108.4111928,143.1965928,23.19,204.247,2
72.06903427,105.3690343,140.0665343,23.132,200.216,2
71.16264073,112.0626407,146.8313407,23.179,201.825,2
70.52852125,87.62852125,122.0888213,22.974,202.552,2
73.28507149,94.58507149,129.2485715,23.109,198.726,2
71.58860832,108.4886083,142.6874083,22.799,200.829,2
70.99039121,104.0903912,138.6372412,23.031,197.58,2
69.95282976,101.7528298,136.3907798,23.092,199.2,2
71.36784017,93.66784017,128.2896402,23.081,206.698,3
72.6298249,90.3298249,124.6671749,22.892,201.666,2
70.47030065,88.07030065,122.8531007,23.189,206.703,3
71.15070724,95.05070724,129.6148072,23.043,198.102,3
74.0490052,75.3490052,110.0366552,23.125,201.646,3
70.60698333,97.10698333,131.6469833,23.027,203.67,2
71.71172141,112.1117214,146.4865714,22.917,205.575,3
70.58110445,119.0811045,153.4734045,22.928,201.482,2
71.08116257,113.7811626,148.2653626,22.989,200.372,2
71.86747359,102.7674736,137.5403736,23.182,200.25,3
72.42821286,108.7282129,143.1073129,22.919,201.668,2
70.23209777,94.63209777,129.0807478,22.966,203.728,3
71.11935947,103.0193595,137.4973595,22.985,201.33,2
71.14357225,96.44357225,130.8984723,22.97,204.783,2
71.82678635,118.2267864,152.9393364,23.142,204.566,2
69.44341056,87.74341056,122.2918606,23.032,204.435,2
72.75392571,123.8539257,158.4006757,23.031,208.948,2
69.82846439,79.62846439,114.0513644,22.949,198.6,2
68.67261538,79.17261538,113.4991154,22.884,207.247,2
69.59141631,80.69141631,115.2498163,23.039,203.652,2
70.14551696,82.54551696,117.333717,23.192,195.402,3
70.8376121,93.1376121,127.5900621,22.968,199.885,2
71.69671564,104.0967156,138.8453656,23.166,201.765,2
70.44550096,102.345501,137.039701,23.129,208.248,2
71.46255026,111.9625503,146.6471003,23.123,201.356,2
71.1717962,132.0717962,166.1435462,22.715,197.194,2
71.61979818,125.3197982,159.7823982,22.975,198.884,2
70.45658827,104.9565883,139.4874383,23.021,203.103,2
69.8178208,100.0178208,134.8104208,23.195,196.847,3
70.16657739,104.4665774,138.9596774,22.995,205.065,2
70.8025594,109.4025594,144.1879594,23.19,204.094,2
71.86593544,105.1659354,139.8634354,23.132,202.605,2
69.827929,86.927929,121.388229,22.974,200.317,2
71.6712665,112.5712665,147.3399665,23.179,211.102,2
71.76416821,108.6641682,142.8629682,22.799,201.039,3
72.58560873,93.88560873,128.5491087,23.109,204.16,2
70.61061627,103.7106163,138.2574663,23.031,199.343,2
