순번,생산라인코드,생산일자,발생시간,종료시간,오류조치시간,비가동코드,Error_Message,오류발생작업장명
10,D004,2011-01-03,14:16,14:24,8,W0056B4,위치조정,충전실
7,D011,2011-01-04,18:54,19:03,9,W005711,대기,충전실
2,C002,2011-01-05,9:51,9:58,7,W003452,충전,쿠킹실
13,P004,2011-01-05,18:20,20:44,144,W0076B2,구동부,포장실
17,C004,2011-01-10,22:32,1:16,164,W003721,충진 미종료,쿠킹실
19,C006,2011-01-10,23:48,0:36,48,W003452,충전,쿠킹실
5,C007,2011-01-10,9:55,10:05,10,W003452,충전,쿠킹실
21,D004,2011-01-11,2:35,2:42,7,W0056E1,노즐,충전실
7,C003,2011-01-11,11:13,12:00,47,W003452,충전,쿠킹실
19,C006,2011-01-12,0:40,4:33,233,W003452,충전,쿠킹실
6,C007,2011-01-12,14:30,14:40,10,W003452,충전,쿠킹실
11,C008,2011-01-12,19:32,20:48,76,W003711,기타,쿠킹실
3,D003,2011-01-12,11:59,13:39,100,W005311,인쇄불량,충전실
2,D005,2011-01-13,9:47,10:01,14,W0056E2,시밍,충전실
14,P004,2011-01-13,17:27,18:04,37,W007212,식사,포장실
4,C006,2011-01-15,5:00,6:50,110,W003452,충전,쿠킹실
9,C010,2011-01-17,12:40,13:16,36,W003312,전처리,쿠킹실
28,D004,2011-01-17,18:15,18:27,12,W0056E1,노즐,충전실
20,C003,2011-01-18,19:23,19:47,24,W003452,충전,쿠킹실
13,C008,2011-01-18,14:10,15:00,50,W003452,충전,쿠킹실
3,D005,2011-01-18,9:06,9:09,3,W0056A4,히터,충전실
13,D004,2011-01-20,14:14,14:36,22,W005211,교육,충전실
7,D011,2011-01-21,14:10,14:30,20,W005492,교체,충전실
6,D011,2011-01-22,22:20,0:01,101,W005313,불량교체,충전실
23,D011,2011-01-25,0:00,0:10,10,W005492,교체,충전실
18,C006,2011-01-25,22:30,23:45,75,W003452,충전,쿠킹실
11,D005,2011-01-25,17:13,17:26,13,W0056E2,시밍,충전실
15,D005,2011-01-25,18:54,19:08,14,W0056E2,시밍,충전실
12,D004,2011-01-26,13:57,14:00,3,W005711,대기,충전실
8,C001,2011-01-27,10:46,11:44,58,W003312,전처리,쿠킹실
15,C001,2011-01-27,14:00,14:51,51,W003312,전처리,쿠킹실
25,C008,2011-01-27,21:05,22:35,90,W003471,시생산 지연,쿠킹실
7,D005,2011-01-28,11:30,11:55,25,W005631,그립퍼,충전실
17,D011,2011-01-28,14:15,15:10,55,W005441,씰바 셋팅,충전실
25,D011,2011-01-28,22:42,22:55,13,W005313,불량교체,충전실
10,C007,2011-02-16,12:58,13:35,37,W003212,식사,쿠킹실
18,C007,2011-02-16,15:05,15:19,14,W003452,충전,쿠킹실
4,C003,2011-02-18,9:01,9:16,15,W003471,시생산 지연,쿠킹실
19,P004,2011-02-22,0:31,1:37,66,W007212,식사,포장실
31,C004,2011-02-24,2:30,5:11,161,W003721,충진 미종료,쿠킹실
26,C007,2011-02-23,19:10,19:24,14,W003452,충전,쿠킹실
32,P004,2011-02-24,5:30,6:29,59,W007212,식사,포장실
21,C003,2011-03-01,15:27,15:53,26,W003452,충전,쿠킹실
14,C007,2011-03-01,13:05,13:35,30,W003212,식사,쿠킹실
20,C007,2011-03-01,14:35,15:10,35,W003451,냉각,쿠킹실
3,D004,2011-03-01,8:57,10:30,93,W005432,제품 넘어짐 청소,충전실
6,P004,2011-03-01,10:14,10:23,9,W007211,휴식,포장실
29,P004,2011-03-02,3:13,3:43,30,W007211,휴식,포장실
13,D006,2011-03-02,15:25,15:54,29,W005711,대기,충전실
19,D006,2011-03-02,18:22,18:38,16,W005711,대기,충전실
9,D013,2011-03-02,12:04,13:08,64,W005721,원료,충전실
12,D004,2011-03-03,18:13,18:17,4,W0056E1,노즐,충전실
5,C008,2011-03-04,11:45,13:15,90,W003452,충전,쿠킹실
13,C008,2011-03-04,18:30,19:05,35,W003452,충전,쿠킹실
13,D001,2011-03-05,18:42,19:26,44,W005711,대기,충전실
6,C002,2011-03-07,10:40,13:32,172,W003633,기타,쿠킹실
8,D005,2011-03-08,15:25,15:30,5,W0056E2,시밍,충전실
6,C006,2011-03-09,8:50,9:06,16,W003313,야채실,쿠킹실
2,D004,2011-03-09,6:34,6:48,14,W0056E1,노즐,충전실
5,P004,2011-03-10,17:30,18:03,33,W007212,식사,포장실
7,P002,2011-03-14,10:40,11:40,60,W007612,컨베이어,포장실
7,C001,2011-03-15,14:10,14:28,18,W003441,규격보정,쿠킹실
8,C007,2011-03-16,16:31,17:12,41,W003451,냉각,쿠킹실
14,C005,2011-03-17,20:30,20:45,15,W003452,충전,쿠킹실
13,D007,2011-03-17,20:50,21:18,28,W005463,감도,충전실
3,P004,2011-03-17,9:36,9:43,7,W0076A2,구동부,포장실
12,C001,2011-03-21,16:55,17:04,9,W003452,충전,쿠킹실
2,P004,2011-03-21,9:48,11:15,87,W0076A2,구동부,포장실
13,P004,2011-03-21,17:33,18:07,34,W007212,식사,포장실
23,D004,2011-03-23,1:40,4:38,178,W005624,실바,충전실
12,D005,2011-03-23,14:16,16:20,124,W005634,실바,충전실
1,C002,2011-03-24,9:25,10:50,85,W003312,전처리,쿠킹실
3,C003,2011-03-24,11:25,11:29,4,W003452,충전,쿠킹실
10,C007,2011-04-14,9:45,10:04,19,W003452,충전,쿠킹실
12,C007,2011-04-14,15:56,17:00,64,W003451,냉각,쿠킹실
18,D004,2011-04-19,6:20,6:29,9,W0056B4,위치조정,충전실
12,D004,2011-04-21,22:00,22:23,23,W005211,교육,충전실
19,D004,2011-04-25,19:04,19:12,8,W005811,센서,충전실
16,D006,2011-04-25,16:30,16:34,4,W0054A1,미포장,충전실
1,P004,2011-04-28,12:30,13:00,30,W007212,식사,포장실
7,C007,2011-05-04,14:57,15:41,44,W003684,기타,쿠킹실
14,D005,2011-05-04,21:15,21:19,4,W005811,센서,충전실
10,D008,2011-05-04,17:38,18:09,31,W005212,조회,충전실
5,C001,2011-05-06,11:01,11:10,9,W003441,규격보정,쿠킹실
10,D013,2011-05-06,12:21,12:25,4,W005A22,쿠커배합 미종료,충전실
1,P004,2011-05-07,12:34,13:06,32,W007212,식사,포장실
4,C001,2011-05-11,10:08,10:20,12,W003312,전처리,쿠킹실
5,C001,2011-05-11,10:08,10:47,39,W003312,전처리,쿠킹실
6,C002,2011-05-11,10:24,10:32,8,W003312,전처리,쿠킹실
25,D004,2011-05-11,20:44,20:52,8,W005811,센서,충전실
6,C006,2011-05-12,11:10,11:43,33,W003312,전처리,쿠킹실
9,D004,2011-05-13,2:04,2:24,20,W005711,대기,충전실
8,C002,2011-05-16,15:15,15:41,26,W003452,충전,쿠킹실
2,D004,2011-05-16,9:16,10:40,84,W005A11,기타,충전실
8,D004,2011-05-20,17:08,17:18,10,W005811,센서,충전실
2,C003,2011-05-23,8:48,9:51,63,W003312,전처리,쿠킹실
5,D004,2011-05-23,11:46,12:01,15,W005811,센서,충전실
3,C007,2011-05-25,10:16,11:12,56,W003684,기타,쿠킹실
1,L002,2011-05-26,8:03,0:00,-483,W002443,기타,계량실
7,C001,2011-05-30,10:39,11:24,45,W003312,전처리,쿠킹실
2,C010,2011-06-01,15:47,16:05,18,W003551,온도 상승 지연,쿠킹실
7,C001,2011-06-03,18:01,19:23,82,W003312,전처리,쿠킹실
6,D003,2011-06-03,14:21,15:30,69,W005811,센서,충전실
12,P002,2011-06-04,6:44,6:48,4,W007691,센서,포장실
14,C006,2011-06-08,15:23,17:31,128,W003711,기타,쿠킹실
8,D005,2011-06-09,17:15,17:22,7,W005811,센서,충전실
1,L001,2011-06-09,8:53,9:06,13,W002312,"업체미입고(생산미지연,순서변경)",계량실
7,C002,2011-06-13,13:00,14:05,65,W003312,전처리,쿠킹실
7,C002,2011-06-16,17:48,17:54,6,W003441,규격보정,쿠킹실
2,D005,2011-06-16,10:08,10:33,25,W005811,센서,충전실
5,D005,2011-06-16,15:00,15:09,9,W005315,관리팀미입고(생산지연),충전실
14,C001,2011-07-18,13:08,17:05,237,W003673,기타,쿠킹실
5,C002,2011-07-18,9:36,10:08,32,W003541,펌프이상,쿠킹실
24,D004,2011-07-21,7:28,7:37,9,W005711,대기,충전실
22,D004,2011-07-26,15:37,15:42,5,W005811,센서,충전실
8,D005,2011-07-27,14:37,15:30,53,W005315,관리팀미입고(생산지연),충전실
2,C003,2011-07-28,9:58,10:40,42,W003321,관리팀미입고(생산지연),쿠킹실
13,D004,2011-08-01,19:31,19:40,9,W005811,센서,충전실
13,D004,2011-08-09,3:15,3:21,6,W005811,센서,충전실
8,D005,2011-08-08,14:00,14:23,23,W005431,제품 넘침 청소,충전실
12,D005,2011-08-08,19:20,19:26,6,W0056A3,은박교체,충전실
3,C003,2011-08-09,15:50,16:55,65,W003322,업체미입고(생산지연),쿠킹실
8,C006,2011-08-11,3:15,4:00,45,W0036B8,오리히로,쿠킹실
4,D004,2011-08-10,20:46,20:55,9,W005811,센서,충전실
2,C010,2011-08-12,9:53,10:26,33,W003441,규격보정,쿠킹실
7,D001,2011-08-12,16:08,16:38,30,W005811,센서,충전실
10,D004,2011-08-12,21:20,21:40,20,W005811,센서,충전실
17,D004,2011-08-17,4:26,4:31,5,W005811,센서,충전실
8,C001,2011-08-17,17:18,17:26,8,W003441,규격보정,쿠킹실
10,D004,2011-08-18,1:54,2:08,14,W005811,센서,충전실
13,D004,2011-08-19,4:12,4:43,31,W005811,센서,충전실
5,D006,2011-08-18,14:00,14:30,30,W005811,센서,충전실
4,D011,2011-08-23,21:04,21:26,22,W005A11,기타,충전실
9,D004,2011-08-25,9:35,9:38,3,W005811,센서,충전실
4,D005,2011-08-24,13:30,14:11,41,W005315,관리팀미입고(생산지연),충전실
1,C004,2011-08-29,8:19,8:57,38,W003316,"관리팀미입고(생산미지연,순서변경)",쿠킹실
1,D002,2011-08-31,17:30,18:10,40,W0056B3,센서,충전실
5,D003,2011-09-01,12:31,13:05,34,W005212,조회,충전실
8,C001,2011-09-06,17:12,17:32,20,W003441,규격보정,쿠킹실
6,D006,2011-09-08,14:04,14:22,18,W005811,센서,충전실
3,C010,2011-09-09,11:31,12:04,33,W0036A1,밸브,쿠킹실
2,D004,2011-09-09,9:38,11:27,109,W005811,센서,충전실
5,C008,2011-09-16,11:06,13:58,172,W003315,업체미입고(생산지연),쿠킹실
3,C007,2011-09-20,9:24,9:45,21,W003452,충전,쿠킹실
5,D004,2011-09-21,8:02,8:06,4,W005811,센서,충전실
1,C003,2011-09-22,8:50,9:18,28,W003471,시생산 지연,쿠킹실
6,D002,2011-09-27,14:22,16:22,120,W005711,대기,충전실
10,D005,2011-09-27,19:25,19:46,21,W005431,제품 넘침 청소,충전실
4,D008,2011-09-27,12:20,13:16,56,W005673,기타,충전실
5,P004,2011-10-31,21:00,21:05,5,W007911,설비,포장실
10,P004,2011-10-31,21:35,21:40,5,W0076C2,분사노즐,포장실
5,C007,2011-11-07,13:51,14:29,38,W003471,시생산 지연,쿠킹실
22,D004,2011-11-11,9:43,9:49,6,W005811,센서,충전실
12,P004,2011-11-14,16:50,17:00,10,W007911,설비,포장실
6,C005,2011-11-15,13:15,15:31,136,W0036B8,오리히로,쿠킹실
16,P004,2011-11-16,23:30,23:43,13,W007911,설비,포장실
9,D011,2011-11-22,12:50,13:35,45,W005A11,기타,충전실
13,P004,2011-11-22,13:42,13:52,10,W007911,설비,포장실
9,C001,2011-11-23,14:25,15:02,37,W003316,"관리팀미입고(생산미지연,순서변경)",쿠킹실
7,D001,2011-11-23,11:48,11:56,8,W005811,센서,충전실
5,C008,2011-11-24,12:14,13:16,62,W003452,충전,쿠킹실
4,D007,2011-11-24,10:32,10:58,26,W005211,교육,충전실
13,C004,2011-11-29,7:30,11:00,210,W003711,기타,쿠킹실
1,C004,2011-11-29,8:28,11:00,152,W003711,기타,쿠킹실
2,C008,2011-11-29,9:14,11:45,151,W003411,냉동품 투입,쿠킹실
1,D011,2011-11-30,11:03,11:13,10,W005531,Air (컴푸레샤),충전실
5,C007,2011-12-01,10:07,10:47,40,W003683,진공,쿠킹실
25,D003,2011-12-01,19:42,21:00,78,W005633,컨베이어,충전실
1,D004,2011-12-02,9:30,9:31,1,W005811,센서,충전실
11,D004,2011-12-02,21:14,21:26,12,W005431,제품 넘침 청소,충전실
47,D004,2011-12-05,23:18,23:27,9,W005433,이물 혼입,충전실
27,D005,2011-12-05,13:40,13:50,10,W005811,센서,충전실
3,D013,2011-12-05,9:56,10:45,49,W005315,관리팀미입고(생산지연),충전실
8,D006,2011-12-06,14:16,14:23,7,W0056B2,분사노즐,충전실
10,P004,2011-12-07,13:32,14:15,43,W007911,설비,포장실
17,C006,2011-12-08,14:49,15:06,17,W0036B7,6열컵실러,쿠킹실
12,P004,2011-12-08,11:35,12:14,39,W007911,설비,포장실
9,D004,2011-12-09,13:39,13:40,1,W005811,센서,충전실
25,D004,2011-12-09,19:29,19:50,21,W005431,제품 넘침 청소,충전실
15,D013,2011-12-09,14:31,15:22,51,W005811,센서,충전실
13,D013,2011-12-12,17:09,18:03,54,W005711,대기,충전실
6,D002,2011-12-15,11:00,12:08,68,W005621,그립퍼,충전실
11,D002,2011-12-15,17:20,17:50,30,W005624,실바,충전실
2,D004,2011-12-19,9:31,9:43,12,W005811,센서,충전실
5,D004,2011-12-20,21:32,21:33,1,W005433,이물 혼입,충전실
1,D004,2011-12-21,5:30,6:00,30,W005212,조회,충전실
2,D004,2011-12-21,6:10,6:20,10,W005431,제품 넘침 청소,충전실
3,D004,2012-01-19,11:14,11:24,10,W005811,센서,충전실
4,D004,2012-01-19,11:53,11:58,5,W005811,센서,충전실
17,D006,2012-01-27,2:53,3:13,20,W005A11,기타,충전실
1,L002,2012-02-01,9:35,14:35,300,W002311,업체미입고(생산지연),계량실
4,L001,2012-02-06,13:45,13:54,9,W002311,업체미입고(생산지연),계량실
11,C002,2012-02-07,14:21,14:32,11,W003552,보일러 꺼짐,쿠킹실
2,D008,2012-02-08,9:50,9:56,6,W005674,노즐,충전실
3,D004,2012-02-17,18:23,18:23,0,W005212,조회,충전실
5,D004,2012-02-20,18:36,18:41,5,W005432,제품 넘어짐 청소,충전실
8,D004,2012-02-20,22:30,22:40,10,W0056GB,PSD패킹 교체,충전실
1,C002,2012-02-21,9:32,11:07,95,W003315,업체미입고(생산지연),쿠킹실
6,C005,2012-02-23,8:30,12:00,210,W003471,시생산 지연,쿠킹실
1,C008,2012-02-24,9:07,9:35,28,W003452,충전,쿠킹실
4,D011,2012-02-28,16:50,17:11,21,W005419,기타,충전실
10,D011,2012-02-29,2:15,2:45,30,W0056CA,기타,충전실
9,P004,2012-02-28,21:37,21:48,11,W007911,설비,포장실
7,D007,2012-03-01,16:11,16:33,22,W005646,센서,충전실
1,C007,2012-03-05,8:30,10:29,119,W003673,기타,쿠킹실
9,D001,2012-03-05,14:35,14:44,9,W005432,제품 넘어짐 청소,충전실
10,D002,2012-03-07,20:50,21:15,25,W005317,필름(파우더불량),충전실
16,D004,2012-03-08,17:28,17:39,11,W005431,제품 넘침 청소,충전실
4,C002,2012-03-14,20:31,21:02,31,W003449,색상 이상,쿠킹실
1,C008,2012-03-15,13:34,14:35,61,W003459,기타,쿠킹실
8,P004,2012-03-15,13:15,13:30,15,W0076C4,기타,포장실
6,C003,2012-03-20,21:50,22:08,18,W003445,Brix 이상,쿠킹실
1,D001,2012-03-26,10:54,10:57,3,W0058Z9,기타,충전실
6,D004,2012-03-27,16:43,17:00,17,W0058Z9,기타,충전실
3,C005,2012-04-04,16:30,18:40,130,W003643,기타,쿠킹실
4,D003,2012-04-09,13:15,14:20,65,W0056B2,분사노즐,충전실
1,C005,2012-04-10,13:52,14:26,34,W003312,전처리,쿠킹실
1,C008,2012-04-11,8:30,9:23,53,W003315,업체미입고(생산지연),쿠킹실
7,C005,2012-04-13,18:00,19:00,60,W003452,충전,쿠킹실
4,D005,2012-04-17,12:28,12:35,7,W005732,연구확인대기,충전실
6,D006,2012-04-17,12:40,16:30,230,W005712,고장,충전실
5,P004,2012-04-20,16:24,16:24,0,W007541,냉각(칠러),포장실
6,C002,2012-04-26,20:17,21:03,46,W003444,점도이상,쿠킹실
5,D006,2012-04-26,15:45,16:29,44,W0054A1,미포장,충전실
8,D011,2012-04-27,8:55,9:19,24,W0058Z1,대차 적재 공간 부족,충전실
2,D003,2012-08-08,0:30,1:30,60,W005212,조회,충전실
4,D003,2012-08-09,6:00,6:40,40,W005212,조회,충전실
1,C002,2012-08-28,8:36,9:28,52,W003316,"관리팀미입고(생산미지연,순서변경)",쿠킹실
7,D002,2012-09-13,14:10,14:40,30,W005622,센서,충전실
12,D004,2012-09-18,6:51,6:56,5,W005432,제품 넘어짐 청소,충전실
17,D004,2012-09-18,13:39,13:59,20,W005431,제품 넘침 청소,충전실
4,D003,2012-09-20,3:20,3:40,20,W005A11,기타,충전실
4,D001,2012-10-10,15:30,15:50,20,W0056A1,전기,충전실
8,D003,2012-10-11,12:31,13:04,33,W005212,조회,충전실
1,P004,2012-10-10,9:11,9:33,22,W0076C4,기타,포장실
1,D004,2012-10-11,10:23,10:28,5,W005432,제품 넘어짐 청소,충전실
1,L001,2012-10-17,7:25,9:15,110,W002311,업체미입고(생산지연),계량실
4,P004,2012-10-19,5:40,5:58,18,W0078AA,기타,포장실
3,C002,2012-10-26,17:00,17:07,7,W003444,점도이상,쿠킹실
1,D005,2012-10-26,9:49,10:15,26,W005318,용기미입고,충전실
1,L001,2012-10-29,9:20,9:47,27,W002313,관리팀미입고(생산지연),계량실
2,C007,2012-11-06,9:42,10:39,57,W003119,기타,쿠킹실
6,D001,2012-11-07,14:23,15:11,48,W005469,기타,충전실
4,P004,2012-11-09,21:18,21:40,22,W007541,냉각(칠러),포장실
2,D002,2012-11-16,10:46,11:00,14,W005629,기타,충전실
3,C010,2012-11-22,10:28,11:27,59,W003444,점도이상,쿠킹실
5,D001,2012-12-04,17:30,17:46,16,W0056E2,시밍,충전실
2,C010,2012-12-06,13:48,14:15,27,W003444,점도이상,쿠킹실
7,D003,2012-12-07,0:30,1:30,60,W005A11,기타,충전실
4,C001,2012-12-12,13:18,13:46,28,W003444,점도이상,쿠킹실
4,D006,2012-12-18,15:54,15:59,5,W005834,노즐,충전실
3,P005,2012-12-19,11:51,11:57,6,W007315,박스 준비,포장실
11,D001,2012-12-27,18:36,18:37,1,W0058Z9,기타,충전실
2,D005,2013-01-03,9:53,10:08,15,W005817,라벨부착 오류,충전실
11,C010,2013-01-04,17:01,17:06,5,W003322,업체미입고(생산지연),쿠킹실
9,D001,2013-01-04,16:17,16:26,9,W005318,용기미입고,충전실
1,D006,2013-01-09,10:20,10:50,30,W005831,청소,충전실
2,D006,2013-01-18,17:00,17:34,34,W0056K1,실린더,충전실
4,C002,2013-01-21,14:20,14:43,23,W003449,색상 이상,쿠킹실
5,D006,2013-01-25,10:09,10:22,13,W005693,기타,충전실
4,C002,2013-02-01,16:51,17:14,23,W003212,식사,쿠킹실
5,D005,2013-02-01,18:18,18:25,7,W005815,아이마크,충전실
6,D005,2013-02-01,18:37,18:39,2,W005817,라벨부착 오류,충전실
1,D002,2013-05-09,8:40,9:30,50,W005621,그립퍼,충전실
7,D002,2013-05-09,18:35,19:05,30,W005621,그립퍼,충전실
3,D001,2013-05-29,15:05,15:48,43,W005315,관리팀미입고(생산지연),충전실
2,D005,2013-06-12,19:56,20:32,36,W005817,라벨부착 오류,충전실
2,D005,2013-06-21,10:43,10:49,6,W005833,일부인 짤림,충전실
4,C010,2013-06-24,14:36,14:48,12,W003442,QA 규격 확인 대기,쿠킹실
2,C002,2013-06-28,15:51,16:07,16,W003444,점도이상,쿠킹실
8,C003,2013-07-10,11:20,11:38,18,W003532,압력 부족,쿠킹실
5,D006,2013-07-10,11:28,11:37,9,W005531,Air (컴푸레샤),충전실
4,C010,2013-07-11,13:07,13:20,13,W003451,냉각,쿠킹실
5,D005,2013-07-11,14:44,14:50,6,W005813,라벨교체,충전실
11,C001,2013-07-15,18:38,19:30,52,W003444,점도이상,쿠킹실
3,D003,2013-07-15,10:45,11:29,44,W0056B2,분사노즐,충전실
5,C010,2013-07-24,16:29,16:35,6,W003442,QA 규격 확인 대기,쿠킹실
3,D006,2013-07-24,11:20,11:55,35,W005312,용기불량,충전실
1,C002,2013-07-26,10:29,10:36,7,W003511,용수탱크 저수위,쿠킹실
7,D003,2013-08-01,15:45,16:18,33,W0058Z1,대차 적재 공간 부족,충전실
2,C001,2013-08-05,13:00,15:23,143,W003711,기타,쿠킹실
1,D005,2013-08-05,11:30,12:17,47,W005817,라벨부착 오류,충전실
5,C001,2013-08-13,14:58,15:28,30,W003444,점도이상,쿠킹실
3,C003,2013-08-15,12:55,13:02,7,W003446,ph 이상,쿠킹실
5,C010,2013-09-02,17:10,17:19,9,W003442,QA 규격 확인 대기,쿠킹실
3,D005,2013-09-04,20:15,20:54,39,W005817,라벨부착 오류,충전실
3,D005,2013-09-05,9:38,9:47,9,W005812,구동부,충전실
1,D013,2013-09-09,9:23,9:39,16,W005315,관리팀미입고(생산지연),충전실
5,D005,2013-09-16,16:08,16:23,15,W005315,관리팀미입고(생산지연),충전실
1,C095,2013-09-26,14:20,17:11,171,W0036Bc,푸딩 충전기,쿠킹실
3,D003,2013-10-17,6:00,6:40,40,W0056B2,분사노즐,충전실
2,D002,2013-10-24,16:51,17:20,29,W005623,컨베이어,충전실
1,C002,2013-10-28,8:30,8:42,12,W003446,ph 이상,쿠킹실
3,C001,2013-10-29,9:56,10:01,5,W003442,QA 규격 확인 대기,쿠킹실
1,C001,2013-11-07,11:02,11:10,8,W003442,QA 규격 확인 대기,쿠킹실
2,C001,2013-11-20,16:58,17:01,3,W003442,QA 규격 확인 대기,쿠킹실
3,C001,2013-11-20,17:50,18:06,16,W003442,QA 규격 확인 대기,쿠킹실
6,C003,2013-11-28,15:19,15:22,3,W003442,QA 규격 확인 대기,쿠킹실
5,D001,2013-12-12,18:09,18:43,34,W005833,일부인 짤림,충전실
2,P003,2013-12-16,15:30,17:04,94,W007316,관리팀미입고(생산지연),포장실
4,C001,2013-12-17,18:59,19:02,3,W003442,QA 규격 확인 대기,쿠킹실
2,L001,2014-08-15,8:30,10:51,141,W002313,관리팀미입고(생산지연),계량실
1,D002,2014-08-16,18:36,19:55,79,W005629,기타,충전실
2,L001,2014-09-16,10:21,11:23,62,W002311,업체미입고(생산지연),계량실
1,C001,2014-10-20,8:33,8:37,4,W003312,전처리,쿠킹실
1,D006,2014-11-13,16:40,19:20,160,W005A11,기타,충전실
2,C002,2014-11-19,17:17,17:38,21,W003442,QA 규격 확인 대기,쿠킹실
3,C001,2014-12-08,17:17,17:28,11,W003442,QA 규격 확인 대기,쿠킹실
3,D003,2015-01-20,17:00,20:47,227,W005712,고장,충전실
1,C001,2015-01-23,13:30,13:45,15,W003711,기타,쿠킹실
1,C002,2015-01-26,19:05,19:07,2,W003447,염도이상,쿠킹실
4,C010,2015-01-27,17:44,18:30,46,W003442,QA 규격 확인 대기,쿠킹실
2,D011,2015-02-05,14:07,16:30,143,W005653,기타,충전실
2,L001,2015-02-10,11:42,14:19,157,W002311,업체미입고(생산지연),계량실
1,D006,2015-02-23,13:30,14:17,47,W005A11,기타,충전실
2,P006,2015-02-23,13:35,14:10,35,W0078AA,기타,포장실
1,C003,2015-02-25,10:45,11:46,61,W003315,업체미입고(생산지연),쿠킹실
2,C007,2015-03-12,12:12,13:29,77,W003489,기타,쿠킹실
2,C010,2015-03-25,16:56,17:16,20,W003451,냉각,쿠킹실
3,C001,2015-04-01,18:50,18:37,-13,W003442,QA 규격 확인 대기,쿠킹실
1,D010,2015-04-10,8:39,8:59,20,W005315,관리팀미입고(생산지연),충전실
1,P004,2015-04-22,9:00,10:00,60,W007311,라벨 미입고,포장실
1,C010,2015-04-28,10:00,10:23,23,W003451,냉각,쿠킹실
2,D007,2015-05-06,14:30,15:45,75,W005912,원료 미입고,충전실
6,P004,2015-05-08,8:30,9:20,50,W007311,라벨 미입고,포장실
2,C001,2015-05-15,12:08,12:50,42,W003312,전처리,쿠킹실
1,C007,2015-05-26,9:07,9:59,52,W003553,스팀 압력,쿠킹실
4,P006,2015-05-29,11:05,13:20,135,W007315,박스 준비,포장실
5,D003,2015-06-10,13:50,14:04,14,W005712,고장,충전실
2,C002,2015-06-18,19:28,19:58,30,W003442,QA 규격 확인 대기,쿠킹실
2,C001,2015-06-23,9:28,9:50,22,W003442,QA 규격 확인 대기,쿠킹실
5,C002,2015-06-23,13:00,13:42,42,W003442,QA 규격 확인 대기,쿠킹실
1,C010,2015-11-09,12:16,12:38,22,W003442,QA 규격 확인 대기,쿠킹실
1,C001,2015-12-01,11:22,12:20,58,W003622,본체 고장,쿠킹실
2,C010,2015-12-01,19:30,20:27,57,W003445,Brix 이상,쿠킹실
3,D009,2015-12-08,15:25,16:20,55,W0054E1,시생산,충전실
1,D007,2015-12-30,7:10,8:15,65,W005645,실린더,충전실
1,D007,2015-12-30,7:10,8:15,65,W005645,실린더,충전실
2,C007,2016-01-04,9:03,10:02,59,W003553,스팀 압력,쿠킹실
6,D004,2016-06-20,11:53,12:01,8,W005712,고장,충전실
8,D010,2016-06-20,16:40,17:37,57,W005113,부족,충전실
1,C007,2016-07-13,9:14,9:30,16,W003321,관리팀미입고(생산지연),쿠킹실
2,C007,2016-08-10,8:30,10:40,130,W003321,관리팀미입고(생산지연),쿠킹실
1,C007,2016-08-26,8:46,11:06,140,W003314,관리팀미입고(생산지연),쿠킹실
8,C001,2016-09-06,13:57,15:23,86,W003572,정지,쿠킹실
1,C010,2016-09-30,14:28,15:19,51,W003443,연구 규격 확인 대기,쿠킹실
1,D006,2016-10-05,13:30,14:06,36,W0058Z9,기타,충전실
2,C010,2016-10-06,17:10,18:13,63,W003572,정지,쿠킹실
3,C010,2016-10-07,16:25,17:04,39,W003645,모터이상,쿠킹실
4,C096,2016-10-18,3:30,4:20,50,W003311,계량실,쿠킹실
1,C002,2016-10-19,14:30,16:27,117,W003315,업체미입고(생산지연),쿠킹실
2,C005,2016-10-26,8:30,10:20,110,W003318,볶음,쿠킹실
4,C010,2016-10-26,11:17,11:28,11,W003313,야채실,쿠킹실
3,C002,2016-10-28,5:28,5:52,24,W003711,기타,쿠킹실
1,C001,2016-11-14,14:00,15:37,97,W003325,기타,쿠킹실
7,C010,2016-11-17,15:53,16:36,43,W0036A3,기타,쿠킹실
1,C008,2016-11-24,9:25,9:52,27,W003317,"업체미입고(생산미지연,순서변경)",쿠킹실
3,C001,2016-12-05,9:20,9:57,37,W003411,냉동품 투입,쿠킹실
5,C001,2016-12-22,14:17,14:54,37,W003311,계량실,쿠킹실
2,L001,2016-12-23,9:22,14:19,297,W002311,업체미입고(생산지연),계량실
2,C002,2016-12-27,13:40,14:12,32,W003312,전처리,쿠킹실
4,C003,2017-01-02,8:30,10:24,114,W003111,결근,쿠킹실
3,P006,2017-01-06,18:20,19:31,71,W007315,박스 준비,포장실
1,C002,2017-01-11,8:37,8:40,3,W003445,Brix 이상,쿠킹실
2,C008,2017-01-20,8:30,10:55,145,W003315,업체미입고(생산지연),쿠킹실
2,C007,2017-01-31,8:30,9:36,66,W003315,업체미입고(생산지연),쿠킹실
3,C001,2017-02-01,10:25,11:01,36,W003571,체인,쿠킹실
6,C002,2017-02-02,0:50,0:59,9,W003311,계량실,쿠킹실
9,D0035,2017-02-07,4:17,5:28,71,W0056F8,실린더,충전실
1,C008,2017-02-09,8:30,10:41,131,W003317,"업체미입고(생산미지연,순서변경)",쿠킹실
3,C010,2017-02-09,11:06,11:14,8,W003442,QA 규격 확인 대기,쿠킹실
4,C010,2017-02-13,11:49,11:54,5,W003442,QA 규격 확인 대기,쿠킹실
8,D088,2017-02-16,13:40,13:50,10,W005211,교육,충전실
7,P022,2017-02-16,12:30,13:00,30,W007461,기기세팅,포장실
3,C002,2017-02-17,12:09,13:27,78,W003444,점도이상,쿠킹실
15,C088,2017-03-03,10:54,12:01,67,W0034B1,품목 교체,쿠킹실
24,C088,2017-03-03,21:40,22:35,55,W0034B1,품목 교체,쿠킹실
2,C087,2017-03-06,8:30,10:54,144,W003312,전처리,쿠킹실
15,D087,2017-03-08,19:00,19:00,0,W0054F1,품목 교체,충전실
9,D088,2017-03-09,9:00,10:00,60,W0054F2,세부 세척,충전실
16,D088,2017-03-09,17:09,18:01,52,W005722,공정,충전실
18,C088,2017-03-11,5:50,7:16,86,W0034B1,품목 교체,쿠킹실
6,C003,2017-03-14,8:57,9:02,5,W003442,QA 규격 확인 대기,쿠킹실
16,C087,2017-03-14,12:30,13:30,60,W0034C1,별도구작업,쿠킹실
12,C088,2017-03-14,9:30,11:00,90,W0034B2,세부 세척,쿠킹실
24,C088,2017-03-15,4:26,5:25,59,W0034B1,품목 교체,쿠킹실
25,D088,2017-03-15,11:06,11:16,10,W0056S6,기타,충전실
17,C002,2017-03-15,15:22,15:47,25,W003442,QA 규격 확인 대기,쿠킹실
12,D013,2017-03-15,11:16,11:24,8,W005A11,기타,충전실
11,D045,2017-03-15,10:11,10:55,44,W005817,라벨부착 오류,충전실
5,D087,2017-03-15,6:45,8:52,127,W0054F1,품목 교체,충전실
6,C087,2017-03-16,7:40,10:00,140,W0034C1,별도구작업,쿠킹실
21,C088,2017-03-16,19:20,20:00,40,W003318,볶음,쿠킹실
25,C088,2017-03-17,2:50,3:30,40,W0034C1,별도구작업,쿠킹실
10,C007,2017-03-17,13:59,14:18,19,W003711,기타,쿠킹실
29,C087,2017-03-18,6:50,7:30,40,W003721,충진 미종료,쿠킹실
16,D088,2017-03-18,17:17,19:30,133,W005722,공정,충전실
8,C010,2017-03-20,19:10,19:56,46,W003442,QA 규격 확인 대기,쿠킹실
11,C088,2017-03-21,23:10,0:02,52,W0034B1,품목 교체,쿠킹실
15,C008,2017-03-21,11:10,13:46,156,W003452,충전,쿠킹실
41,D088,2017-03-22,4:13,4:37,24,W0054F1,품목 교체,충전실
14,P021,2017-03-21,11:50,13:32,102,W0079AA,기타,포장실
6,D088,2017-03-22,10:16,10:32,16,W005722,공정,충전실
15,C087,2017-03-23,12:00,12:20,20,W003721,충진 미종료,쿠킹실
16,C088,2017-03-23,13:42,14:30,48,W0034B1,품목 교체,쿠킹실
19,C088,2017-03-23,21:30,21:59,29,W003721,충진 미종료,쿠킹실
23,P021,2017-03-23,22:20,22:54,34,W0079AA,기타,포장실
8,P021,2017-03-24,13:43,15:45,122,W0079AA,기타,포장실
15,P021,2017-03-25,2:52,4:50,118,W007471,품목교체,포장실
8,D088,2017-03-25,19:13,20:31,78,W0056S6,기타,충전실
9,D045,2017-03-27,14:13,14:30,17,W0058Z9,기타,충전실
17,D088,2017-03-28,0:20,1:30,70,W005722,공정,충전실
22,D088,2017-03-28,4:35,5:06,31,W005724,이송끊김,충전실
19,D088,2017-04-07,22:02,23:05,63,W0054F1,품목 교체,충전실
22,D088,2017-04-07,23:05,23:56,51,W005722,공정,충전실
12,C088,2017-04-11,17:30,19:00,90,W0034B2,세부 세척,쿠킹실
21,D087,2017-04-14,0:10,0:50,40,W005722,공정,충전실
10,C088,2017-04-15,10:30,12:00,90,W0034B2,세부 세척,쿠킹실
9,D087,2017-04-15,19:18,21:00,102,W0054F1,품목 교체,충전실
23,D087,2017-04-18,9:57,10:22,25,W005722,공정,충전실
3,C010,2017-04-20,8:59,9:13,14,W003444,점도이상,쿠킹실
15,C088,2017-04-20,16:30,17:00,30,W0034B1,품목 교체,쿠킹실
19,C088,2017-04-21,2:35,3:35,60,W0034B1,품목 교체,쿠킹실
12,D0036,2017-04-20,14:45,15:20,35,W005113,부족,충전실
14,C045,2017-04-21,14:38,15:02,24,W003444,점도이상,쿠킹실
26,C087,2017-04-22,2:10,3:00,50,W003721,충진 미종료,쿠킹실
16,D088,2017-04-21,16:17,18:54,157,W005722,공정,충전실
22,D088,2017-04-21,23:00,23:49,49,W0054F1,품목 교체,충전실
27,D088,2017-04-22,3:52,4:27,35,W0054F1,품목 교체,충전실
1,C002,2017-04-24,8:30,9:25,55,W003489,기타,쿠킹실
10,D087,2017-04-24,19:32,21:15,103,W0054F2,세부 세척,충전실
2,L002,2017-04-24,8:00,8:58,58,W002313,관리팀미입고(생산지연),계량실
16,D007,2017-04-25,14:00,14:39,39,W0058Z1,대차 적재 공간 부족,충전실
24,D011,2017-04-25,16:40,17:40,60,W005721,원료,충전실
5,D088,2017-04-26,13:06,14:29,83,W005722,공정,충전실
11,C087,2017-04-27,11:00,11:30,30,W003721,충진 미종료,쿠킹실
9,C088,2017-04-27,11:33,13:00,87,W0034B1,품목 교체,쿠킹실
3,P006,2017-04-27,11:05,11:05,0,W007316,관리팀미입고(생산지연),포장실
9,C088,2017-04-29,19:01,20:00,59,W0034B1,품목 교체,쿠킹실
1,C003,2017-05-01,9:00,9:26,26,W003311,계량실,쿠킹실
33,C087,2017-05-03,3:10,4:10,60,W0034B2,세부 세척,쿠킹실
2,D088,2017-05-02,0:49,1:28,39,W005722,공정,충전실
15,P0F0,2017-05-02,11:29,12:01,32,W0076D4,기타,포장실
17,P0F0,2017-05-02,13:13,15:01,108,W007689,기타,포장실
28,C088,2017-05-04,5:40,7:00,80,W003721,충진 미종료,쿠킹실
12,C088,2017-05-04,11:00,11:40,40,W003721,충진 미종료,쿠킹실
13,C088,2017-05-04,16:00,17:30,90,W0034B1,품목 교체,쿠킹실
9,C088,2017-05-08,8:00,10:40,160,W003318,볶음,쿠킹실
18,D087,2017-05-10,5:48,6:30,42,W0054F2,세부 세척,충전실
6,D088,2017-05-09,10:12,10:30,18,W005722,공정,충전실
9,D088,2017-05-09,17:05,18:00,55,W0054F1,품목 교체,충전실
28,D088,2017-05-26,10:10,12:56,166,W0056S6,기타,충전실
29,D088,2017-05-26,12:56,13:20,24,W0054F1,품목 교체,충전실
18,D088,2017-05-30,0:15,1:35,80,W0054F1,품목 교체,충전실
9,C008,2017-06-01,8:30,9:48,78,W003481,충진라인 중복,쿠킹실
23,C087,2017-06-03,0:50,3:00,130,W003721,충진 미종료,쿠킹실
13,C088,2017-06-02,16:30,17:30,60,W0034B1,품목 교체,쿠킹실
17,D087,2017-06-07,21:40,22:45,65,W005722,공정,충전실
3,D088,2017-06-07,0:00,1:01,61,W0054F1,품목 교체,충전실
5,D088,2017-06-07,5:09,6:22,73,W0054F1,품목 교체,충전실
10,D088,2017-06-07,14:33,15:41,68,W0056O7,기타,충전실
1,C088,2017-06-08,5:20,6:30,70,W0034B1,품목 교체,쿠킹실
21,C088,2017-06-09,0:40,2:00,80,W003721,충진 미종료,쿠킹실
13,C088,2017-06-09,15:00,16:00,60,W003721,충진 미종료,쿠킹실
17,C088,2017-06-09,21:10,22:00,50,W0034B1,품목 교체,쿠킹실
25,C088,2017-06-10,3:55,4:15,20,W0034C1,별도구작업,쿠킹실
5,C002,2017-06-12,15:30,15:40,10,W003445,Brix 이상,쿠킹실
3,D006,2017-06-12,13:10,17:20,250,W0056K3,센서,충전실
6,D088,2017-06-12,16:30,16:54,24,W0054F2,세부 세척,충전실
26,D087,2017-06-14,12:20,13:23,63,W005722,공정,충전실
4,D088,2017-06-13,9:43,10:21,38,W0054F1,품목 교체,충전실
1,C088,2017-06-15,5:30,6:30,60,W0034B1,품목 교체,쿠킹실
8,D087,2017-06-15,13:00,14:03,63,W005722,공정,충전실
2,D088,2017-06-15,6:24,8:00,96,W0054F1,품목 교체,충전실
16,C088,2017-06-16,15:00,16:30,90,W0034B2,세부 세척,쿠킹실
10,D088,2017-06-17,22:09,23:30,81,W0054F1,품목 교체,충전실
18,C087,2017-06-20,4:30,5:30,60,W0034B1,품목 교체,쿠킹실
10,C087,2017-06-20,14:00,14:30,30,W003721,충진 미종료,쿠킹실
24,D088,2017-06-21,3:49,4:00,11,W0054F1,품목 교체,충전실
17,C087,2017-06-21,17:10,18:20,70,W0034B2,세부 세척,쿠킹실
25,C087,2017-06-22,2:00,3:00,60,W0034B2,세부 세척,쿠킹실
10,D088,2017-06-21,14:50,15:34,44,W005722,공정,충전실
13,C088,2017-06-22,9:30,10:30,60,W003711,기타,쿠킹실
14,C088,2017-06-22,13:00,14:00,60,W0034B1,품목 교체,쿠킹실
17,P006,2017-06-22,13:30,16:10,160,W007911,설비,포장실
7,D088,2017-06-23,9:44,11:25,101,W0054F1,품목 교체,충전실
25,D088,2017-06-23,20:18,21:03,45,W005722,공정,충전실
27,D088,2017-06-24,2:45,3:59,74,W0054F1,품목 교체,충전실
7,C007,2017-07-11,8:30,21:53,803,W003686,메카니칼 씰,쿠킹실
15,C087,2017-07-11,11:00,12:00,60,W0034B1,품목 교체,쿠킹실
7,C001,2017-07-13,10:16,12:11,115,W003643,기타,쿠킹실
14,C088,2017-07-18,11:00,12:15,75,W0036K4,구동부 이상,쿠킹실
22,D088,2017-07-19,7:18,8:42,84,W0054F1,품목 교체,충전실
10,C088,2017-07-19,16:45,17:30,45,W003318,볶음,쿠킹실
17,C088,2017-07-20,9:40,11:00,80,W0034B2,세부 세척,쿠킹실
9,C088,2017-07-25,12:45,13:40,55,W0034B1,품목 교체,쿠킹실
4,D087,2017-07-25,7:41,9:03,82,W005722,공정,충전실
17,D087,2017-07-25,19:58,21:23,85,W0054F1,품목 교체,충전실
1,D088,2017-07-25,0:15,1:00,45,W0054F2,세부 세척,충전실
16,C088,2017-07-26,21:00,22:00,60,W0034B1,품목 교체,쿠킹실
22,C088,2017-07-27,5:00,5:30,30,W003721,충진 미종료,쿠킹실
17,C088,2017-07-27,19:30,20:30,60,W0034B1,품목 교체,쿠킹실
18,C088,2017-07-27,20:30,21:30,60,W003318,볶음,쿠킹실
7,D002,2017-07-27,11:48,12:40,52,W005881,냉각 미종료,충전실
10,C088,2017-07-28,12:15,13:15,60,W0034B1,품목 교체,쿠킹실
15,D087,2017-07-28,17:38,19:00,82,W0054F1,품목 교체,충전실
9,D088,2017-07-28,12:39,14:22,103,W0054F1,품목 교체,충전실
16,C088,2017-08-01,21:40,22:40,60,W0034B1,품목 교체,쿠킹실
19,D087,2017-08-02,0:01,0:50,49,W0054F2,세부 세척,충전실
16,D088,2017-08-02,21:05,22:00,55,W0054F1,품목 교체,충전실
18,C087,2017-08-04,1:30,2:10,40,W003721,충진 미종료,쿠킹실
14,C088,2017-08-03,20:20,21:20,60,W0034B2,세부 세척,쿠킹실
8,C088,2017-08-04,16:20,17:15,55,W0034B1,품목 교체,쿠킹실
14,C087,2017-08-07,13:00,20:30,450,W0034C1,별도구작업,쿠킹실
26,C002,2017-08-09,1:50,16:00,850,W003633,기타,쿠킹실
21,P0F0,2017-08-08,21:40,22:31,51,W007911,설비,포장실
4,D088,2017-08-09,11:30,13:00,90,W0054F1,품목 교체,충전실
10,C004,2017-08-10,13:30,17:29,239,W003315,업체미입고(생산지연),쿠킹실
22,D088,2017-08-10,22:48,23:50,62,W0054G1,별도구작업,충전실
9,D087,2017-08-11,12:56,13:50,54,W0054F2,세부 세척,충전실
11,D087,2017-08-11,13:50,14:53,63,W005722,공정,충전실
1,C004,2017-08-15,7:30,8:42,72,W003325,기타,쿠킹실
4,D087,2017-08-16,8:34,10:38,124,W005722,공정,충전실
24,D087,2017-08-17,8:30,9:32,62,W005722,공정,충전실
2,D088,2017-08-16,8:12,9:27,75,W0054F1,품목 교체,충전실
6,D087,2017-09-02,9:03,11:09,126,W0054F1,품목 교체,충전실
1,D088,2017-09-02,1:20,2:02,42,W0054F1,품목 교체,충전실
18,C088,2017-09-06,23:00,23:30,30,W003318,볶음,쿠킹실
16,C088,2017-09-08,18:30,19:30,60,W0034B1,품목 교체,쿠킹실
8,C002,2017-09-12,8:34,9:32,58,W003459,기타,쿠킹실
6,C088,2017-09-11,23:00,0:00,60,W0034B1,품목 교체,쿠킹실
8,C001,2017-09-13,12:15,13:08,53,W003444,점도이상,쿠킹실
12,C088,2017-09-15,14:10,15:10,60,W0034B1,품목 교체,쿠킹실
15,D006,2017-09-15,16:00,16:20,20,W005835,헤드,충전실
16,D087,2017-09-15,20:05,21:30,85,W0054F1,품목 교체,충전실
3,D088,2017-09-15,8:56,9:33,37,W0054F1,품목 교체,충전실
1,C003,2017-09-18,8:30,9:33,63,W003711,기타,쿠킹실
5,C008,2017-09-18,11:09,11:35,26,W003452,충전,쿠킹실
1,D087,2017-09-19,6:52,9:44,172,W0054F1,품목 교체,충전실
3,D088,2017-09-19,7:40,9:43,123,W0054F1,품목 교체,충전실
11,D088,2017-09-19,19:30,21:30,120,W0054F1,품목 교체,충전실
11,D088,2017-09-20,11:00,15:55,295,W005A11,기타,충전실
5,C087,2017-09-21,4:40,5:30,50,W003721,충진 미종료,쿠킹실
18,C088,2017-09-22,3:45,4:45,60,W0034B1,품목 교체,쿠킹실
19,C088,2017-09-23,5:00,6:00,60,W0034B1,품목 교체,쿠킹실
2,D088,2017-09-22,4:16,4:54,38,W0054F1,품목 교체,충전실
17,C002,2017-09-26,23:16,23:29,13,W003623,기타,쿠킹실
8,C096,2017-09-26,8:50,10:05,75,W003314,관리팀미입고(생산지연),쿠킹실
1,D088,2017-09-26,0:19,1:20,61,W005722,공정,충전실
14,C088,2017-09-27,13:10,13:30,20,W003318,볶음,쿠킹실
13,C088,2017-09-29,7:40,8:40,60,W0034B1,품목 교체,쿠킹실
14,D088,2017-09-28,23:40,0:00,20,W0054F2,세부 세척,충전실
14,C007,2017-09-30,14:06,14:45,39,W003711,기타,쿠킹실
16,C002,2017-10-10,21:00,21:09,9,W003445,Brix 이상,쿠킹실
3,C096,2017-10-10,9:00,12:00,180,W003632,구동부,쿠킹실
7,D002,2017-10-10,14:30,15:20,50,W005621,그립퍼,충전실
15,C088,2017-10-11,15:30,17:00,90,W003318,볶음,쿠킹실
15,C002,2017-10-12,15:03,16:01,58,W003316,"관리팀미입고(생산미지연,순서변경)",쿠킹실
21,C002,2017-10-12,20:26,21:09,43,W003444,점도이상,쿠킹실
18,D087,2017-10-12,19:45,21:50,125,W0054F1,품목 교체,충전실
7,D087,2017-10-13,13:25,13:50,25,W005722,공정,충전실
15,D088,2017-10-13,19:45,21:33,108,W0054F1,품목 교체,충전실
2,C001,2017-10-14,11:27,12:23,56,W003311,계량실,쿠킹실
16,C002,2017-11-10,0:10,0:22,12,W003444,점도이상,쿠킹실
14,C002,2017-11-10,21:32,0:09,-1283,W003711,기타,쿠킹실
15,C088,2017-11-15,1:20,2:20,60,W0034B1,품목 교체,쿠킹실
12,D088,2017-11-16,13:54,14:45,51,W0054F1,품목 교체,충전실
20,C088,2017-11-22,2:20,3:20,60,W0034B1,품목 교체,쿠킹실
19,D045,2017-11-21,19:16,19:59,43,W0058Z9,기타,충전실
12,D011,2017-11-22,15:46,16:11,25,W005712,고장,충전실
3,D011,2017-11-27,14:58,16:26,88,W005724,이송끊김,충전실
11,D088,2017-11-27,23:43,0:30,47,W0054F2,세부 세척,충전실
9,C001,2017-11-28,17:05,17:52,47,W003489,기타,쿠킹실
5,C045,2017-11-28,12:30,15:05,155,W003314,관리팀미입고(생산지연),쿠킹실
5,C010,2017-11-29,11:27,11:39,12,W003444,점도이상,쿠킹실
15,C088,2017-11-30,0:40,1:40,60,W0034B1,품목 교체,쿠킹실
2,D088,2017-11-30,1:40,2:41,61,W005722,공정,충전실
3,D088,2017-11-30,8:56,11:00,124,W0054F1,품목 교체,충전실
12,D088,2017-11-30,23:23,0:02,39,W0054F1,품목 교체,충전실
8,D088,2017-12-04,16:50,17:50,60,W005722,공정,충전실
1,C088,2017-12-05,6:55,7:55,60,W0034B1,품목 교체,쿠킹실
10,D002,2017-12-05,11:10,11:58,48,W005881,냉각 미종료,충전실
13,C088,2017-12-06,14:00,15:00,60,W0034B1,품목 교체,쿠킹실
10,D004,2017-12-06,13:00,13:10,10,W005615,병 끼임,충전실
11,D013,2017-12-07,17:12,18:08,56,W0058Z9,기타,충전실
20,D088,2017-12-08,3:00,4:00,60,W005722,공정,충전실
7,C002,2017-12-08,19:49,20:09,20,W0036B2,로타리1,쿠킹실
12,D006,2017-12-11,16:10,16:23,13,W0058Z9,기타,충전실
25,D088,2017-12-13,3:00,4:00,60,W005722,공정,충전실
14,C088,2017-12-13,11:50,12:50,60,W0034B1,품목 교체,쿠킹실
15,C088,2017-12-14,21:50,22:20,30,W003721,충진 미종료,쿠킹실
1,C010,2017-12-15,8:48,8:50,2,W003446,ph 이상,쿠킹실
4,D088,2017-12-15,11:00,11:35,35,W0054F2,세부 세척,충전실
10,D088,2017-12-15,19:00,19:30,30,W0054F2,세부 세척,충전실
7,D045,2017-12-18,11:55,12:08,13,W0058Z9,기타,충전실
16,D002,2017-12-20,1:00,2:15,75,W005629,기타,충전실
5,D045,2017-12-19,9:32,9:42,10,W005842,컷팅기,충전실
17,C088,2017-12-20,13:10,14:10,60,W0034B1,품목 교체,쿠킹실
19,D003,2017-12-22,2:00,3:10,70,W005734,점도이상,충전실
1,D088,2017-12-21,0:35,1:40,65,W0054F1,품목 교체,충전실
2,D088,2017-12-21,1:40,2:36,56,W005722,공정,충전실
10,P004,2018-01-11,13:00,13:11,11,W0079AA,기타,포장실
14,C002,2018-04-12,13:19,15:10,-129489,W003442,QA 규격 확인 대기,쿠킹실
3,D088,2018-01-16,9:50,10:44,54,W005722,공정,충전실
9,C002,2018-01-19,13:30,13:45,15,W003444,점도이상,쿠킹실
14,C088,2018-01-23,22:30,23:30,60,W0034B1,품목 교체,쿠킹실
6,C096,2018-01-23,8:30,13:30,300,W003471,시생산 지연,쿠킹실
18,D087,2018-01-24,23:02,0:00,58,W005422,설비,충전실
16,C088,2018-01-27,2:10,3:10,60,W0034B1,품목 교체,쿠킹실
8,D013,2018-01-26,15:52,19:14,202,W005A11,기타,충전실
6,D087,2018-01-26,10:30,11:00,30,W005721,원료,충전실
5,C088,2018-01-27,8:50,10:00,70,W0034B1,품목 교체,쿠킹실
8,D088,2018-01-30,0:45,1:40,55,W0054F1,품목 교체,충전실
2,C087,2018-01-30,6:10,7:00,50,W0034B1,품목 교체,쿠킹실
9,P005,2018-01-30,13:34,13:58,24,W00731A,기타,포장실
14,C007,2018-01-31,16:26,16:55,29,W003459,기타,쿠킹실
22,C087,2018-02-01,0:20,2:00,100,W0034B2,세부 세척,쿠킹실
4,D088,2018-01-31,9:28,10:41,73,W0054F1,품목 교체,충전실
24,D088,2018-02-01,5:07,6:29,82,W0054F1,품목 교체,충전실
3,C001,2018-02-01,8:57,9:49,52,W003721,충진 미종료,쿠킹실
4,C001,2018-02-02,9:00,9:00,0,W003721,충진 미종료,쿠킹실
8,C088,2018-02-02,15:00,16:00,60,W0034B1,품목 교체,쿠킹실
18,D002,2018-02-07,13:08,12:45,-23,W005629,기타,충전실
16,D088,2018-02-07,2:05,2:40,35,W0054F1,품목 교체,충전실
4,C088,2018-02-07,10:00,11:00,60,W0034B1,품목 교체,쿠킹실
11,C088,2018-02-08,14:40,15:30,50,W003721,충진 미종료,쿠킹실
20,D088,2018-02-09,22:25,0:13,108,W0054F1,품목 교체,충전실
4,D0036,2018-02-10,9:15,10:33,78,W005A11,기타,충전실
17,P005,2018-02-13,0:16,12:50,754,W0079AA,기타,포장실
2,D088,2018-02-13,1:24,2:20,56,W005722,공정,충전실
6,P006,2018-02-13,11:26,11:37,11,W007911,설비,포장실
14,P006,2018-02-13,15:35,15:46,11,W0079AA,기타,포장실
13,C088,2018-02-20,0:40,1:40,60,W0034B1,품목 교체,쿠킹실
7,D087,2018-02-20,9:55,10:15,20,W005721,원료,충전실
12,D087,2018-02-20,21:25,21:55,30,W005422,설비,충전실
5,D010,2018-02-21,8:50,9:52,62,W005113,부족,충전실
16,D088,2018-02-23,11:58,13:23,85,W0054F1,품목 교체,충전실
12,C007,2018-02-23,19:10,19:50,40,W003452,충전,쿠킹실
3,C088,2018-02-23,2:30,3:30,60,W0034B1,품목 교체,쿠킹실
15,C088,2018-03-22,5:45,6:45,60,W0034B1,품목 교체,쿠킹실
11,D006,2018-03-22,2:55,3:12,17,W0058Z9,기타,충전실
11,D088,2018-03-26,18:30,19:21,51,W005722,공정,충전실
5,C088,2018-03-29,10:20,12:00,100,W0034B1,품목 교체,쿠킹실
12,C088,2018-04-02,21:20,22:20,60,W0034B1,품목 교체,쿠킹실
5,D088,2018-04-02,15:07,15:40,33,W0054F2,세부 세척,충전실
8,C088,2018-04-04,14:30,15:30,60,W0034B1,품목 교체,쿠킹실
10,D087,2018-04-10,1:50,2:47,57,W005722,공정,충전실
2,P0F0,2018-04-09,10:57,11:10,13,W0076A3,감도 조절,포장실
3,C008,2018-04-10,9:30,11:53,143,W003452,충전,쿠킹실
10,C088,2018-04-10,17:50,18:50,60,W0034B1,품목 교체,쿠킹실
3,C088,2018-04-11,10:15,11:15,60,W0034B1,품목 교체,쿠킹실
6,D087,2018-04-11,17:58,20:00,122,W0054F1,품목 교체,충전실
4,D088,2018-04-12,8:55,10:27,92,W0054F1,품목 교체,충전실
7,D088,2018-04-12,15:36,18:59,203,W0054F1,품목 교체,충전실
6,C002,2018-04-13,11:55,12:50,55,W003489,기타,쿠킹실
5,C088,2018-04-16,15:40,17:00,80,W0034B1,품목 교체,쿠킹실
8,C045,2018-04-17,14:42,15:07,25,W003444,점도이상,쿠킹실
15,C088,2018-04-18,2:20,2:40,20,W003721,충진 미종료,쿠킹실
1,D087,2018-04-18,8:04,10:15,131,W005722,공정,충전실
15,D088,2018-04-19,5:49,8:44,175,W0054F1,품목 교체,충전실
6,D006,2018-04-23,14:10,15:01,51,W005315,관리팀미입고(생산지연),충전실
7,C087,2018-04-24,13:30,14:30,60,W0034B2,세부 세척,쿠킹실
4,D087,2018-04-24,13:43,14:20,37,W0054F2,세부 세척,충전실
26,D002,2018-04-26,19:52,20:30,38,W0058Z1,대차 적재 공간 부족,충전실
19,C002,2018-04-28,8:13,9:17,64,W003489,기타,쿠킹실
1,D087,2018-04-27,1:30,2:30,60,W0054F1,품목 교체,충전실
19,C088,2018-05-02,1:10,2:10,60,W0034B1,품목 교체,쿠킹실
21,C002,2018-05-02,21:30,21:55,25,W003489,기타,쿠킹실
16,C088,2018-05-02,8:10,9:20,70,W0034B1,품목 교체,쿠킹실
26,C088,2018-05-03,1:30,2:30,60,W0034B1,품목 교체,쿠킹실
32,D088,2018-05-03,14:10,14:38,28,W005722,공정,충전실
19,D087,2018-05-04,11:15,11:26,11,W005722,공정,충전실
13,C088,2018-05-04,21:10,21:30,20,W003721,충진 미종료,쿠킹실
12,C088,2018-05-09,15:15,16:15,60,W0034B1,품목 교체,쿠킹실
16,D006,2018-05-09,22:40,23:24,44,W005113,부족,충전실
2,D087,2018-05-09,12:18,13:10,52,W0054F1,품목 교체,충전실
13,C088,2018-06-02,4:35,5:00,25,W003721,충진 미종료,쿠킹실
2,D002,2018-06-01,9:18,9:50,32,W0058Z1,대차 적재 공간 부족,충전실
15,D088,2018-06-05,17:30,19:10,100,W0054F1,품목 교체,충전실
10,D003,2018-06-12,0:40,2:04,84,W0056B9,기타,충전실
13,D005,2018-06-13,14:15,14:23,8,W005318,용기미입고,충전실
23,D087,2018-06-13,22:30,23:29,59,W005722,공정,충전실
12,D087,2018-06-15,21:00,0:40,-1220,W005722,공정,충전실
14,C088,2018-06-20,18:15,19:15,60,W0034B1,품목 교체,쿠킹실
1,D088,2018-06-20,7:30,8:10,40,W0054F1,품목 교체,충전실
4,D088,2018-06-20,10:05,10:40,35,W0054F1,품목 교체,충전실
16,D088,2018-06-20,19:29,20:20,51,W005722,공정,충전실
14,D087,2018-06-22,12:57,13:40,43,W0054F2,세부 세척,충전실
5,D088,2018-06-21,9:34,10:33,59,W005722,공정,충전실
12,D088,2018-06-22,17:18,18:00,42,W0054F1,품목 교체,충전실
15,D088,2018-06-22,18:00,19:10,70,W005722,공정,충전실
3,C088,2018-06-25,10:10,10:20,10,W0034B1,품목 교체,쿠킹실
2,D088,2018-06-26,6:45,8:30,105,W0054F1,품목 교체,충전실
10,P005,2018-06-26,18:30,18:45,15,W0079AA,기타,포장실
7,C007,2018-06-27,8:30,9:38,68,W003572,정지,쿠킹실
21,P005,2018-06-27,16:13,18:17,124,W0079AA,기타,포장실
3,C088,2018-06-28,11:00,11:40,40,W003711,기타,쿠킹실
16,C087,2018-07-04,0:00,1:00,60,W0034B1,품목 교체,쿠킹실
9,D045,2018-07-03,16:10,16:38,28,W0058Z9,기타,충전실
2,D088,2018-07-03,10:23,11:41,78,W0054F1,품목 교체,충전실
22,C088,2018-07-05,7:10,7:45,35,W003721,충진 미종료,쿠킹실
4,P004,2018-07-05,9:46,9:56,10,W007699,기타,포장실
6,D006,2018-07-06,10:48,11:02,14,W005113,부족,충전실
18,C088,2018-07-11,5:30,6:30,60,W0034B1,품목 교체,쿠킹실
19,D088,2018-07-11,6:02,7:40,98,W0054F1,품목 교체,충전실
6,D087,2018-07-11,10:53,11:45,52,W0054F2,세부 세척,충전실
12,D087,2018-07-12,5:20,6:40,80,W0054F1,품목 교체,충전실
10,D002,2018-07-14,3:05,4:15,70,W0056B2,분사노즐,충전실
7,D088,2018-07-16,20:06,21:17,71,W0054F1,품목 교체,충전실
9,D088,2018-07-17,1:40,3:24,104,W0054F1,품목 교체,충전실
11,D088,2018-07-17,19:23,20:01,38,W005722,공정,충전실
16,D087,2018-07-20,1:35,3:15,100,W0054F1,품목 교체,충전실
15,D088,2018-07-19,21:59,23:43,104,W0054F1,품목 교체,충전실
17,D088,2018-07-20,2:58,4:56,118,W0054F1,품목 교체,충전실
1,D087,2018-08-08,3:34,4:40,66,W0054F2,세부 세척,충전실
2,D087,2018-08-08,4:40,5:28,48,W005722,공정,충전실
15,C088,2018-08-11,3:00,4:00,60,W0034B1,품목 교체,쿠킹실
8,P006,2018-08-14,14:07,14:25,18,W007911,설비,포장실
4,C002,2018-08-17,7:42,8:18,36,W003318,볶음,쿠킹실
7,C005,2018-08-17,10:23,10:56,33,W003312,전처리,쿠킹실
14,D087,2018-08-21,0:34,1:45,71,W0054F2,세부 세척,충전실
6,D087,2018-08-23,14:40,16:20,100,W0054F2,세부 세척,충전실
2,D088,2018-08-23,10:44,11:47,63,W005722,공정,충전실
11,D088,2018-08-24,6:53,8:27,94,W0054F2,세부 세척,충전실
3,P005,2018-08-23,11:30,12:06,36,W0078AA,기타,포장실
17,D088,2018-08-25,0:28,2:30,122,W0054F1,품목 교체,충전실
12,P006,2018-08-24,18:13,18:22,9,W0079AA,기타,포장실
3,P004,2018-08-27,11:30,11:50,20,W0079AA,기타,포장실
4,P005,2018-08-27,11:45,12:01,16,W0078AA,기타,포장실
3,C095,2018-08-28,8:40,13:00,260,W003711,기타,쿠킹실
9,P0F0,2018-08-28,12:24,12:28,4,W007911,설비,포장실
1,D0035,2018-08-29,0:00,0:00,0,W005439,기타,충전실
5,D088,2018-08-29,16:34,18:21,107,W0054F1,품목 교체,충전실
24,D088,2018-08-30,23:29,0:10,41,W0054F2,세부 세척,충전실
16,P005,2018-08-30,15:45,16:40,55,W007911,설비,포장실
5,D088,2018-09-03,22:22,23:05,43,W0054F2,세부 세척,충전실
8,C095,2018-09-04,11:20,12:50,90,W003711,기타,쿠킹실
11,D087,2018-09-04,17:00,18:40,100,W0054F2,세부 세척,충전실
9,D087,2018-09-05,19:20,20:46,86,W0054F2,세부 세척,충전실
8,D088,2018-09-07,19:56,20:23,27,W0054F1,품목 교체,충전실
1,D088,2018-09-08,0:18,1:32,74,W005722,공정,충전실
12,C088,2018-09-11,19:50,20:50,60,W0034B1,품목 교체,쿠킹실
10,D087,2018-09-12,14:21,15:10,49,W005422,설비,충전실
17,D088,2018-09-12,21:42,23:27,105,W0054F1,품목 교체,충전실
8,P004,2018-09-12,13:53,14:07,14,W0079AA,기타,포장실
16,D088,2018-09-14,7:22,9:01,99,W0054F1,품목 교체,충전실
5,P0F0,2018-09-14,10:45,11:50,65,W0079AA,기타,포장실
8,P0F0,2018-09-14,14:00,15:55,115,W007911,설비,포장실
1,C002,2018-09-17,8:25,8:49,24,W003312,전처리,쿠킹실
8,P0F0,2018-09-18,17:40,18:00,20,W0079AA,기타,포장실
7,D087,2018-09-19,17:04,19:41,157,W0054F1,품목 교체,충전실
2,D088,2018-09-19,10:20,11:20,60,W0054F1,품목 교체,충전실
4,D088,2018-10-25,7:36,9:18,102,W0054F1,품목 교체,충전실
6,D088,2018-10-25,13:38,15:27,109,W0054F1,품목 교체,충전실
5,C045,2018-11-01,7:15,8:03,48,W003312,전처리,쿠킹실
10,D088,2018-11-06,21:30,23:13,103,W0054F1,품목 교체,충전실
15,P006,2018-11-08,19:27,19:48,21,W0079AA,기타,포장실
2,D088,2018-11-09,4:00,5:38,98,W0054F1,품목 교체,충전실
1,D087,2018-11-13,8:12,9:55,103,W0054F1,품목 교체,충전실
13,C007,2018-11-20,16:30,16:58,28,W003419,기타,쿠킹실
15,D087,2018-11-20,21:58,0:02,124,W0054F2,세부 세척,충전실
1,D088,2018-11-20,1:03,1:40,37,W0054F1,품목 교체,충전실
4,D088,2018-11-20,7:09,7:48,39,W005722,공정,충전실
13,C007,2018-11-22,16:45,17:20,35,W003452,충전,쿠킹실
5,C088,2018-11-22,1:20,2:10,50,W0034B1,품목 교체,쿠킹실
15,D087,2018-11-24,11:01,12:26,85,W0054F1,품목 교체,충전실
5,D088,2018-11-23,13:05,14:18,73,W0054F1,품목 교체,충전실
10,D088,2018-11-23,23:28,0:12,44,W005722,공정,충전실
3,D087,2018-11-27,7:33,8:48,75,W0054F1,품목 교체,충전실
6,D088,2018-11-27,16:13,17:58,105,W0054F2,세부 세척,충전실
2,C088,2018-11-28,0:30,1:30,60,W0034B1,품목 교체,쿠킹실
7,D088,2018-11-29,14:12,15:49,97,W0054F1,품목 교체,충전실
3,D087,2018-11-30,4:32,6:15,103,W0054F2,세부 세척,충전실
5,D045,2018-12-05,10:16,10:29,13,W005817,라벨부착 오류,충전실
11,D088,2018-12-06,1:58,4:07,129,W0054F1,품목 교체,충전실
13,C002,2018-12-07,8:30,9:18,48,W0036D1,사이드 글라스,쿠킹실
9,D087,2018-12-07,23:31,0:06,35,W0054F2,세부 세척,충전실
5,D088,2018-12-11,12:39,13:36,57,W005722,공정,충전실
2,D087,2018-12-12,11:32,13:27,115,W0054F1,품목 교체,충전실
7,C001,2018-12-14,14:13,14:33,20,W003325,기타,쿠킹실
6,C088,2018-12-15,23:20,0:20,60,W0034B1,품목 교체,쿠킹실
4,D088,2018-12-15,19:27,20:00,33,W0054F1,품목 교체,충전실
10,C088,2018-12-19,22:10,23:10,60,W0034B1,품목 교체,쿠킹실
2,D088,2018-12-20,10:00,10:37,37,W0054F1,품목 교체,충전실
8,D088,2018-12-20,17:58,19:37,99,W0054F1,품목 교체,충전실
13,D087,2018-12-22,1:48,2:15,27,W005722,공정,충전실
18,D088,2018-12-23,23:59,1:00,-1379,W005722,공정,충전실
13,C003,2018-12-29,7:17,7:49,32,W003441,규격보정,쿠킹실
1,C007,2018-12-26,8:30,11:31,181,W003552,보일러 꺼짐,쿠킹실
6,D087,2019-01-23,12:59,14:00,61,W0054F2,세부 세척,충전실
8,D087,2019-01-23,14:00,14:17,17,W005722,공정,충전실
4,D088,2019-01-29,9:10,10:00,50,W0054F1,품목 교체,충전실
4,C005,2019-02-07,16:50,19:51,181,W003552,보일러 꺼짐,쿠킹실
1,D088,2019-02-09,6:55,8:32,97,W005722,공정,충전실
10,D088,2019-02-09,17:35,18:35,60,W005722,공정,충전실
8,D088,2019-02-12,14:06,15:46,100,W005722,공정,충전실
11,D088,2019-02-19,23:38,0:20,42,W0054F2,세부 세척,충전실
9,D087,2019-02-20,16:13,17:20,67,W0054F2,세부 세척,충전실
1,D088,2019-02-20,6:30,7:20,50,W0054F2,세부 세척,충전실
7,D088,2019-02-20,13:40,14:40,60,W005722,공정,충전실
1,D088,2019-02-21,1:22,2:00,38,W0054F1,품목 교체,충전실
7,P005,2019-02-21,9:00,9:37,37,W0079AA,기타,포장실
7,D088,2019-02-23,20:42,23:26,164,W0054F1,품목 교체,충전실
8,D088,2019-02-23,23:27,0:44,77,W005722,공정,충전실
3,D087,2019-02-25,21:10,22:45,95,W0054F1,품목 교체,충전실
7,P004,2019-02-26,16:25,16:39,14,W0079AA,기타,포장실
8,C096,2019-02-27,14:14,14:44,30,W003552,보일러 꺼짐,쿠킹실
16,D087,2019-02-27,19:53,21:28,95,W0054F2,세부 세척,충전실
2,D088,2019-02-28,6:10,8:10,120,W005722,공정,충전실
16,D088,2019-03-01,6:57,8:43,106,W005722,공정,충전실
2,D087,2019-03-05,8:53,10:32,99,W005722,공정,충전실
11,D088,2019-03-06,19:30,2:51,-999,W005722,공정,충전실
8,D007,2019-03-06,13:55,14:45,50,W0056B9,기타,충전실
9,C001,2019-03-07,15:16,16:34,78,W003441,규격보정,쿠킹실
11,P005,2019-03-09,9:20,11:45,145,W007821,점도,포장실
5,D088,2019-03-09,20:53,23:02,129,W005722,공정,충전실
12,D087,2019-03-14,4:52,6:40,108,W005722,공정,충전실
4,P004,2019-03-14,14:15,14:38,23,W0079AA,기타,포장실
11,D087,2019-03-15,21:32,23:00,88,W005722,공정,충전실
1,D088,2019-03-15,2:52,3:50,58,W0054F1,품목 교체,충전실
3,P005,2019-03-18,16:00,16:10,10,W007911,설비,포장실
3,D087,2019-03-20,8:18,9:48,90,W0054F1,품목 교체,충전실
9,D087,2019-03-20,17:01,18:45,104,W0054F1,품목 교체,충전실
7,D043,2019-03-21,11:02,11:30,28,W0058Z9,기타,충전실
2,P005,2019-03-22,9:00,9:36,36,W0079AA,기타,포장실
8,D087,2019-03-25,20:50,22:23,93,W0054F1,품목 교체,충전실
6,D088,2019-03-25,16:40,17:29,49,W0054F1,품목 교체,충전실
1,D087,2019-04-24,22:50,0:47,-1323,W0054F1,품목 교체,충전실
3,D088,2019-04-24,7:57,9:30,93,W0054F1,품목 교체,충전실
10,D088,2019-04-30,2:58,4:33,95,W0054F1,품목 교체,충전실
16,D088,2019-05-02,17:46,18:45,59,W0054F1,품목 교체,충전실
5,D087,2019-05-09,14:20,14:48,28,W005722,공정,충전실
10,P006,2019-05-09,19:43,19:57,14,W0079AA,기타,포장실
15,C003,2019-05-15,0:53,1:37,44,W003444,점도이상,쿠킹실
2,D088,2019-05-17,1:00,1:00,0,W005722,공정,충전실
16,D088,2019-05-17,18:10,19:14,64,W005722,공정,충전실
19,D088,2019-05-18,23:00,0:33,-1347,W005722,공정,충전실
6,D087,2019-05-20,22:58,0:38,100,W0054F2,세부 세척,충전실
11,D087,2019-05-21,23:10,23:50,40,W005722,공정,충전실
9,D088,2019-05-21,19:53,21:22,89,W0054F2,세부 세척,충전실
5,D088,2019-05-23,15:01,15:59,58,W005722,공정,충전실
9,D088,2019-05-23,19:38,21:16,98,W005722,공정,충전실
8,P0F0,2019-05-23,19:02,19:08,6,W0079AA,기타,포장실
6,D011,2019-05-27,13:52,14:10,18,W005921,원료 지연,충전실
18,D088,2019-05-28,0:38,2:19,101,W0054F2,세부 세척,충전실
5,P006,2019-05-27,13:25,14:06,41,W007212,식사,포장실
4,D087,2019-05-29,12:04,15:20,196,W005722,공정,충전실
10,D088,2019-05-30,0:40,2:26,106,W005722,공정,충전실
9,D011,2019-06-04,14:20,14:22,2,W005921,원료 지연,충전실
16,D087,2019-06-04,22:53,22:57,4,W0054F2,세부 세척,충전실
14,D088,2019-06-04,19:53,20:45,52,W0054F1,품목 교체,충전실
7,P004,2019-06-05,11:05,11:15,10,W0079AA,기타,포장실
5,D013,2019-06-12,10:58,11:47,49,W005336,기타,충전실
14,D088,2019-06-12,20:42,21:25,43,W0054F2,세부 세척,충전실
13,D087,2019-06-14,17:02,18:21,79,W0054F2,세부 세척,충전실
8,D087,2019-06-18,5:10,5:49,39,W005722,공정,충전실
9,C010,2019-06-18,13:26,14:13,47,W0036A1,밸브,쿠킹실
11,D013,2019-06-18,14:48,15:28,40,W005318,용기미입고,충전실
3,D088,2019-06-19,13:26,14:00,34,W0054F1,품목 교체,충전실
15,D088,2019-06-21,5:20,8:46,206,W005722,공정,충전실
16,D088,2019-06-21,12:22,12:43,21,W005722,공정,충전실
17,D088,2019-06-21,19:16,20:00,44,W0054F1,품목 교체,충전실
1,D013,2019-06-25,9:16,9:17,1,W005733,QA확인대기,충전실
8,D088,2019-06-25,12:30,13:00,30,W005722,공정,충전실
13,D088,2019-06-25,19:42,21:00,78,W005722,공정,충전실
2,P005,2019-07-31,9:18,9:35,17,W007911,설비,포장실
7,P006,2019-07-31,14:35,14:53,18,W0079AA,기타,포장실
1,D088,2019-08-08,4:00,4:48,48,W0054F1,품목 교체,충전실
2,C001,2019-08-21,13:20,13:47,27,W003444,점도이상,쿠킹실
6,D088,2019-08-27,11:40,13:08,88,W0054F1,품목 교체,충전실
5,L001,2019-08-27,11:06,11:19,13,W002311,업체미입고(생산지연),계량실
5,P005,2019-08-29,11:44,12:00,16,W0076H2,그립퍼,포장실
7,D005,2019-09-06,14:56,15:06,10,W005817,라벨부착 오류,충전실
8,D087,2019-09-06,18:13,20:13,120,W0054F1,품목 교체,충전실
2,D088,2019-09-06,5:16,7:03,107,W0054F1,품목 교체,충전실
10,D008,2019-09-09,19:58,19:59,1,W005712,고장,충전실
1,D087,2019-09-10,8:19,10:50,151,W0054F1,품목 교체,충전실
6,D088,2019-09-10,13:30,14:33,63,W005722,공정,충전실
6,P006,2019-09-11,10:18,10:40,22,W007211,휴식,포장실
16,P006,2019-09-11,18:17,18:36,19,W007911,설비,포장실
12,D011,2019-09-17,6:15,6:28,13,W0058Z9,기타,충전실
5,D088,2019-09-17,14:05,14:33,28,W005722,공정,충전실
7,P003,2019-09-17,18:35,18:46,11,W007911,설비,포장실
3,D088,2019-09-18,17:38,18:06,28,W0054F1,품목 교체,충전실
3,C008,2019-09-23,9:30,13:02,212,W003711,기타,쿠킹실
6,P002,2019-09-23,11:42,12:21,39,W007911,설비,포장실
16,P002,2019-09-25,23:05,23:20,15,W007911,설비,포장실
2,D088,2019-09-26,1:10,2:16,66,W005722,공정,충전실
10,P002,2019-09-26,20:45,21:20,35,W007911,설비,포장실
7,P002,2019-09-30,21:30,21:47,17,W0079AA,기타,포장실
2,D087,2019-10-02,7:35,13:18,343,W0054F1,품목 교체,충전실
3,P002,2019-10-03,9:50,10:05,15,W007911,설비,포장실
6,D088,2019-10-10,4:00,5:45,105,W0054F2,세부 세척,충전실
3,C007,2019-10-14,11:21,12:25,64,W003489,기타,쿠킹실
5,D088,2019-10-14,13:45,14:31,46,W0054F1,품목 교체,충전실
9,D088,2019-10-14,20:52,22:40,108,W0054F1,품목 교체,충전실
4,D088,2019-10-16,8:00,9:30,90,W0054G1,별도구작업,충전실
1,D088,2019-10-19,9:24,11:33,129,W0054F1,품목 교체,충전실
2,D088,2019-10-19,13:45,15:35,110,W0054F1,품목 교체,충전실
7,D088,2019-10-22,19:26,22:23,177,W0054F2,세부 세척,충전실
7,D088,2019-10-25,10:24,10:25,1,W0054F1,품목 교체,충전실
2,C003,2019-10-25,14:15,14:54,39,W003444,점도이상,쿠킹실
4,C088,2019-10-25,19:00,20:00,60,W0034B1,품목 교체,쿠킹실
5,D087,2019-11-28,13:32,15:05,93,W0054F1,품목 교체,충전실
9,D087,2019-11-28,15:20,22:33,433,W0054E1,시생산,충전실
1,D087,2019-12-04,4:36,5:10,34,W0054F1,품목 교체,충전실
3,D087,2019-12-10,8:46,9:45,59,W0054F1,품목 교체,충전실
9,D088,2019-12-12,17:23,19:05,102,W0054F1,품목 교체,충전실
13,D088,2019-12-13,23:41,0:57,-1364,W0054F1,품목 교체,충전실
15,D088,2019-12-17,5:02,6:29,87,W005722,공정,충전실
12,D0036,2019-12-26,13:44,13:48,4,W005722,공정,충전실
3,D088,2019-12-24,6:17,7:50,93,W0054F2,세부 세척,충전실
7,D088,2019-12-24,13:37,14:07,30,W005722,공정,충전실
5,C003,2019-12-26,19:09,19:13,4,W003444,점도이상,쿠킹실
3,D088,2019-12-27,10:37,10:56,19,W005722,공정,충전실
8,P005,2019-12-28,3:17,3:51,34,W007911,설비,포장실
8,D087,2020-01-03,15:30,16:54,84,W0054F1,품목 교체,충전실
4,D088,2020-01-03,10:00,10:43,43,W0054F1,품목 교체,충전실
12,P003,2020-01-06,10:58,11:19,21,W007911,설비,포장실
6,P006,2020-01-07,18:50,18:59,9,W0079AA,기타,포장실
12,D045,2020-01-08,16:26,16:31,5,W0058Z9,기타,충전실
3,D088,2020-01-08,9:28,10:17,49,W0054F1,품목 교체,충전실
1,D005,2020-01-10,9:37,9:53,16,W005817,라벨부착 오류,충전실
6,P006,2020-01-10,15:30,15:45,15,W007211,휴식,포장실
11,C003,2020-01-16,6:02,6:21,19,W003444,점도이상,쿠킹실
10,D088,2020-01-16,3:40,5:11,91,W0054F2,세부 세척,충전실
13,D003,2020-01-17,5:40,5:55,15,W0058Z1,대차 적재 공간 부족,충전실
11,D006,2020-01-17,15:50,16:05,15,W0058Z9,기타,충전실
11,D0036,2020-01-21,14:08,14:36,28,W0058Z9,기타,충전실
10,D087,2020-01-21,13:14,16:16,182,W0054F1,품목 교체,충전실
2,D088,2020-01-23,11:29,12:24,55,W005722,공정,충전실
5,P006,2020-01-28,17:10,17:27,17,W0079AA,기타,포장실
1,C045,2020-01-29,8:40,8:45,5,W003447,염도이상,쿠킹실
11,D0036,2020-01-29,12:26,12:46,20,W005A11,기타,충전실
4,D013,2020-01-30,13:15,13:50,35,W0058Z9,기타,충전실
6,P006,2020-01-31,15:17,15:32,15,W007911,설비,포장실
1,D005,2020-02-03,10:35,11:04,29,W0058Z9,기타,충전실
8,D087,2020-02-04,15:40,16:28,48,W005722,공정,충전실
6,D087,2020-02-07,10:25,13:39,194,W0054G1,별도구작업,충전실
8,C002,2020-02-10,21:25,21:38,13,W003633,기타,쿠킹실
1,D006,2020-02-10,9:30,9:58,28,W0058Z9,기타,충전실
8,P0F0,2020-03-21,2:31,2:46,15,W0079AA,기타,포장실
9,P0F0,2020-03-21,4:10,4:22,12,W0079AA,기타,포장실
4,D013,2020-03-31,11:00,11:38,38,W005724,이송끊김,충전실
7,D087,2020-04-07,22:53,0:51,118,W0054F1,품목 교체,충전실
7,D088,2020-04-10,11:29,12:41,72,W005722,공정,충전실
7,C007,2020-04-13,18:15,19:16,61,W003452,충전,쿠킹실
14,P006,2020-04-14,20:30,21:22,52,W007911,설비,포장실
10,D088,2020-04-22,13:20,14:00,40,W005722,공정,충전실
2,D088,2020-04-22,16:50,17:50,60,W0054F1,품목 교체,충전실
5,D088,2020-04-22,22:56,0:34,98,W0054F1,품목 교체,충전실
10,D010,2020-04-23,15:46,17:16,90,W005113,부족,충전실
6,P0F0,2020-04-25,16:05,16:28,23,W0079AA,기타,포장실
4,D088,2020-04-27,16:00,16:52,52,W005722,공정,충전실
6,D087,2020-04-29,17:41,18:50,69,W005722,공정,충전실
1,D088,2020-04-29,4:32,5:17,45,W0054F1,품목 교체,충전실
3,D088,2020-04-29,10:03,11:42,99,W0054F1,품목 교체,충전실
8,D088,2020-05-07,3:10,4:09,59,W0054F2,세부 세척,충전실
3,P003,2020-05-07,10:30,11:29,59,W0079AA,기타,포장실
2,D088,2020-05-08,13:22,16:00,158,W0054F1,품목 교체,충전실
2,D088,2020-05-13,9:23,10:04,41,W0054F1,품목 교체,충전실
8,C001,2020-05-14,16:10,16:48,38,W003444,점도이상,쿠킹실
1,P003,2020-05-18,11:00,11:30,30,W0079AA,기타,포장실
5,D088,2020-05-19,19:28,20:11,43,W0054F2,세부 세척,충전실
10,D088,2020-05-20,17:04,18:23,79,W005722,공정,충전실
4,C010,2020-05-21,11:55,18:46,411,W0036C1,과부하(제품끼임),쿠킹실
6,D088,2020-05-25,17:17,18:15,58,W0054F1,품목 교체,충전실
7,D045,2020-05-26,16:43,16:52,9,W005836,약품 부족,충전실
4,D087,2020-05-28,12:10,15:00,170,W0054F1,품목 교체,충전실
6,D088,2020-05-29,12:35,14:32,117,W0054F1,품목 교체,충전실
2,D004,2020-06-01,11:45,11:57,12,W005811,센서,충전실
4,D088,2020-06-02,1:34,2:00,26,W0054F2,세부 세척,충전실
10,D088,2020-06-04,2:53,3:30,37,W005722,공정,충전실
4,D088,2020-06-05,21:05,22:10,65,W0054F1,품목 교체,충전실
5,D088,2020-06-05,22:10,23:40,90,W005722,공정,충전실
7,D088,2020-06-09,18:40,22:30,230,W0054F1,품목 교체,충전실
2,D087,2020-06-12,11:30,12:40,70,W0054F2,세부 세척,충전실
2,D087,2020-06-15,12:31,13:30,59,W0054F1,품목 교체,충전실
3,D087,2020-06-15,13:30,15:23,113,W005722,공정,충전실
9,C001,2020-08-03,19:11,19:31,20,W003444,점도이상,쿠킹실
14,C001,2020-08-04,8:00,8:51,51,W003444,점도이상,쿠킹실
11,D087,2020-08-07,16:58,19:50,172,W0054F1,품목 교체,충전실
5,D088,2020-08-19,19:37,21:25,108,W0054F1,품목 교체,충전실
7,D0036,2020-08-27,9:24,11:29,125,W005113,부족,충전실
6,D088,2020-08-27,7:40,10:35,175,W0054G1,별도구작업,충전실
4,D088,2020-09-01,19:55,20:40,45,W0054F1,품목 교체,충전실
1,C002,2020-09-09,7:32,7:43,11,W003711,기타,쿠킹실
4,D005,2020-09-09,12:47,14:09,82,W0058Z9,기타,충전실
6,D088,2020-09-09,14:58,17:20,142,W0054F1,품목 교체,충전실
9,D088,2020-09-10,23:15,0:00,45,W0054F1,품목 교체,충전실
8,D088,2020-09-11,20:30,21:25,55,W005722,공정,충전실
2,D088,2020-09-12,16:01,17:35,94,W0054F1,품목 교체,충전실
1,D011,2020-09-16,9:33,9:55,22,W0058Z9,기타,충전실
3,D013,2020-09-16,13:40,14:07,27,W005724,이송끊김,충전실
6,D088,2020-09-16,17:28,19:03,95,W0054F1,품목 교체,충전실
1,D088,2020-09-19,12:24,12:24,0,W0054F1,품목 교체,충전실
5,D087,2020-09-21,16:25,17:44,79,W005722,공정,충전실
6,D088,2020-09-22,23:47,2:30,-1277,W0054F1,품목 교체,충전실
7,D088,2020-09-25,0:24,3:00,156,W0054F1,품목 교체,충전실
2,C001,2020-09-26,8:15,8:47,32,W003444,점도이상,쿠킹실
1,D088,2020-10-06,13:17,17:20,243,W0054F1,품목 교체,충전실
6,D088,2020-10-08,8:30,11:00,150,W0054F1,품목 교체,충전실
5,D088,2020-10-08,16:39,19:30,171,W0054F1,품목 교체,충전실
2,D011,2020-10-10,9:41,9:44,3,W005A11,기타,충전실
1,D088,2020-10-15,7:16,8:40,84,W0054F1,품목 교체,충전실
6,D088,2020-10-16,22:15,2:00,225,W0054F1,품목 교체,충전실
8,D013,2020-10-22,18:58,19:18,20,W005A11,기타,충전실
6,D088,2020-10-23,20:34,22:20,106,W0054F1,품목 교체,충전실
3,D088,2020-10-26,17:20,18:50,90,W005722,공정,충전실
5,D011,2020-10-27,18:00,18:00,0,W005A11,기타,충전실
12,D088,2020-10-28,19:20,20:20,60,W005722,공정,충전실
1,D087,2020-10-31,2:56,5:02,126,W0054F1,품목 교체,충전실
1,C006,2020-11-02,9:20,9:45,25,W003314,관리팀미입고(생산지연),쿠킹실
4,D088,2020-11-03,15:19,16:46,87,W0054F1,품목 교체,충전실
5,C003,2020-11-07,6:10,6:42,32,W003444,점도이상,쿠킹실
4,D088,2020-11-06,19:44,21:20,96,W0054F1,품목 교체,충전실
1,C003,2020-11-09,10:39,11:05,26,W003444,점도이상,쿠킹실
6,P0F0,2021-01-07,9:44,9:58,14,W0079AA,기타,포장실
3,C002,2021-01-07,9:44,10:01,17,W003711,기타,쿠킹실
5,C002,2021-01-19,20:52,21:42,50,W003443,연구 규격 확인 대기,쿠킹실
2,D088,2021-01-28,14:51,17:15,144,W0054F1,품목 교체,충전실
10,C002,2021-02-05,16:23,17:28,65,W003442,QA 규격 확인 대기,쿠킹실
4,D004,2021-02-04,15:59,15:54,-5,W005439,기타,충전실
5,D088,2021-02-07,20:20,10:20,-600,W005722,공정,충전실
3,D088,2021-02-19,12:00,13:00,60,W005722,공정,충전실
4,C001,2021-02-23,15:10,15:41,31,W003489,기타,쿠킹실
5,D087,2021-02-23,16:52,18:43,111,W0054F1,품목 교체,충전실
2,P004,2021-02-23,9:15,11:00,105,W0079AA,기타,포장실
2,D088,2021-03-02,10:47,12:30,103,W0054F1,품목 교체,충전실
2,D088,2021-03-03,12:03,14:40,157,W0054F1,품목 교체,충전실
1,D087,2021-03-09,11:42,15:20,218,W0054F1,품목 교체,충전실
2,P002,2021-03-10,2:15,2:34,19,W007911,설비,포장실
3,C002,2021-03-10,20:44,21:29,45,W0034B2,세부 세척,쿠킹실
5,C045,2021-03-16,15:20,15:27,7,W003444,점도이상,쿠킹실
5,D088,2021-03-17,21:54,0:00,-1314,W0054F1,품목 교체,충전실
4,D088,2021-03-19,22:07,0:00,-1327,W0054F1,품목 교체,충전실
2,D088,2021-03-24,14:12,14:37,25,W005722,공정,충전실
1,C006,2021-03-29,9:17,10:04,47,W003119,기타,쿠킹실
5,C096,2021-04-06,18:00,18:37,37,W003444,점도이상,쿠킹실
12,C002,2021-04-08,18:37,19:34,57,W003711,기타,쿠킹실
7,C008,2021-04-08,14:49,14:52,3,W003711,기타,쿠킹실
2,D013,2021-04-14,11:00,11:17,17,W0058Z9,기타,충전실
3,D004,2021-04-26,10:45,12:24,99,W0056G7,밸브,충전실
1,D013,2021-04-27,13:50,14:27,37,W0058Z9,기타,충전실
3,D005,2021-05-05,14:10,14:26,16,W005817,라벨부착 오류,충전실
1,D005,2021-05-12,9:35,10:35,60,W005817,라벨부착 오류,충전실
6,D002,2021-05-14,0:01,2:00,119,W005621,그립퍼,충전실
3,D013,2021-05-13,14:38,14:56,18,W005733,QA확인대기,충전실
1,P0F0,2021-05-18,13:30,14:34,64,W0079AA,기타,포장실
5,D088,2021-05-26,5:21,6:00,39,W0054F1,품목 교체,충전실
6,D088,2021-05-26,6:00,7:00,60,W005722,공정,충전실
5,D088,2021-05-28,4:37,6:41,124,W0054F1,품목 교체,충전실
3,D088,2021-06-04,8:48,10:40,112,W0054F1,품목 교체,충전실
5,D088,2021-06-05,0:13,2:41,148,W005722,공정,충전실
1,P0F0,2021-06-04,13:40,13:57,17,W007911,설비,포장실
4,C045,2021-08-19,14:30,15:13,43,W003444,점도이상,쿠킹실
5,D002,2021-08-19,15:11,16:45,94,W005621,그립퍼,충전실
1,D013,2021-09-01,8:56,11:26,150,W0058Z9,기타,충전실
5,D088,2021-09-14,4:10,4:50,40,W005722,공정,충전실
1,D045,2021-09-24,10:02,10:55,53,W005817,라벨부착 오류,충전실
5,D088,2021-09-25,23:39,0:30,-1389,W0054F1,품목 교체,충전실
8,D088,2021-10-01,10:32,13:03,151,W0054F1,품목 교체,충전실
10,D087,2021-10-13,6:48,8:39,111,W0054G1,별도구작업,충전실
2,D013,2021-10-13,10:56,11:34,38,W005724,이송끊김,충전실
3,D087,2021-10-13,20:27,22:46,139,W0054F1,품목 교체,충전실
2,D003,2021-10-14,10:34,10:47,13,W005A11,기타,충전실
7,D088,2021-10-19,2:35,4:54,139,W0054F2,세부 세척,충전실
4,D087,2021-10-20,0:17,0:18,1,W0054F1,품목 교체,충전실
2,D0036,2021-10-22,12:30,18:34,364,W005712,고장,충전실
3,D084,2021-10-25,9:46,11:49,123,W005713,수리,충전실
1,C045,2021-10-25,8:58,9:04,6,W003446,ph 이상,쿠킹실
7,D088,2021-10-28,8:57,9:33,36,W0054F1,품목 교체,충전실
1,D005,2021-10-28,10:50,11:06,16,W0058Z9,기타,충전실
7,D087,2021-10-28,14:15,14:35,20,W005722,공정,충전실
